사고번호,사고일시,요일,시군구,사고내용,사망자수,중상자수,경상자수,부상신고자수,사고유형,법규위반,노면상태,기상상태,도로형태,가해운전자 차종,가해운전자 성별,가해운전자 연령,가해운전자 상해정도,피해운전자 차종,피해운전자 성별,피해운전자 연령,피해운전자 상해정도
2018030500100042,2018년 3월 5일 04시,월요일,인천광역시 미추홀구 주안동,경상사고,0,0,1,0,차대사람 - 기타,보행자보호의무위반,포장 - 젖음/습기,비,교차로 - 교차로안,승용,남,62세,상해없음,보행자,남,26세,경상
2018030500100134,2018년 3월 5일 08시,월요일,인천광역시 중구 인현동,경상사고,0,0,1,0,차대사람 - 횡단중,안전운전불이행,포장 - 젖음/습기,흐림,교차로 - 교차로안,승용,남,75세,상해없음,보행자,여,18세,경상
2018030500100135,2018년 3월 5일 08시,월요일,인천광역시 미추홀구 주안동,부상신고사고,0,0,0,1,차대사람 - 길가장자리구역통행중,안전운전불이행,포장 - 젖음/습기,비,단일로 - 기타,승용,여,53세,상해없음,보행자,여,36세,부상신고
2018030500100182,2018년 3월 5일 10시,월요일,인천광역시 부평구 부평동,경상사고,0,0,1,0,차대사람 - 기타,보행자보호의무위반,포장 - 건조,맑음,교차로 - 교차로횡단보도내,승용,남,62세,상해없음,보행자,남,52세,경상
2018030500100238,2018년 3월 5일 12시,월요일,인천광역시 미추홀구 관교동,중상사고,0,1,0,0,차대사람 - 횡단중,보행자보호의무위반,포장 - 건조,맑음,교차로 - 교차로횡단보도내,승합,남,68세,상해없음,보행자,여,65세,중상
2018030500100240,2018년 3월 5일 12시,월요일,인천광역시 남동구 만수동,중상사고,0,1,0,0,차대사람 - 횡단중,보행자보호의무위반,포장 - 건조,맑음,교차로 - 교차로횡단보도내,승합,남,61세,상해없음,보행자,여,58세,중상
2018030500100274,2018년 3월 5일 13시,월요일,인천광역시 부평구 십정동,부상신고사고,0,0,0,1,차대사람 - 횡단중,신호위반,포장 - 건조,맑음,교차로 - 교차로부근,승용,여,56세,상해없음,보행자,여,34세,부상신고
2018030500100275,2018년 3월 5일 13시,월요일,인천광역시 서구 왕길동,중상사고,0,1,0,0,차대사람 - 기타,안전운전불이행,포장 - 건조,맑음,단일로 - 기타,승용,남,54세,상해없음,보행자,여,48세,중상
2018030500100301,2018년 3월 5일 14시,월요일,인천광역시 서구 당하동,경상사고,0,0,1,0,차대사람 - 차도통행중,안전운전불이행,포장 - 건조,맑음,단일로 - 기타,승용,여,49세,상해없음,보행자,남,59세,경상
2018030500100357,2018년 3월 5일 16시,월요일,인천광역시 서구 석남동,중상사고,0,1,0,0,차대사람 - 횡단중,안전운전불이행,포장 - 건조,맑음,단일로 - 기타,승용,남,72세,상해없음,보행자,여,57세,중상
2018030500100388,2018년 3월 5일 17시,월요일,인천광역시 미추홀구 용현동,경상사고,0,0,1,0,차대사람 - 기타,안전운전불이행,포장 - 건조,맑음,단일로 - 기타,승합,남,63세,상해없음,보행자,여,46세,경상
2018030500100389,2018년 3월 5일 17시,월요일,인천광역시 서구 연희동,부상신고사고,0,0,0,1,차대사람 - 보도통행중,안전운전불이행,포장 - 건조,맑음,기타 - 기타,기타불명,기타불명,미분류,기타불명,보행자,남,7세,부상신고
2018030500100477,2018년 3월 5일 20시,월요일,인천광역시 남동구 논현동,중상사고,0,1,0,0,차대사람 - 횡단중,안전운전불이행,포장 - 건조,맑음,교차로 - 교차로부근,승용,남,76세,상해없음,보행자,남,41세,중상
2018030600100069,2018년 3월 6일 06시,화요일,인천광역시 부평구 산곡동,중상사고,0,1,0,0,차대사람 - 기타,안전운전불이행,포장 - 건조,맑음,교차로 - 교차로부근,기타불명,기타불명,미분류,기타불명,보행자,여,61세,중상
2018030600100157,2018년 3월 6일 09시,화요일,인천광역시 계양구 작전동,경상사고,0,0,1,0,차대사람 - 기타,기타,포장 - 건조,맑음,단일로 - 기타,승합,남,37세,상해없음,보행자,여,51세,경상
2018030600100325,2018년 3월 6일 16시,화요일,인천광역시 연수구 동춘동,중상사고,0,1,0,0,차대사람 - 차도통행중,보행자보호의무위반,포장 - 건조,맑음,교차로 - 교차로부근,승합,남,55세,상해없음,보행자,여,17세,중상
2018030600100367,2018년 3월 6일 17시,화요일,인천광역시 연수구 옥련동,경상사고,0,0,1,0,차대사람 - 기타,기타,포장 - 건조,맑음,기타 - 기타,승합,남,56세,상해없음,보행자,남,53세,경상
2018030700100136,2018년 3월 7일 09시,수요일,인천광역시 동구 화수동,경상사고,0,0,1,0,차대사람 - 차도통행중,안전운전불이행,포장 - 건조,흐림,기타 - 기타,승용,여,47세,상해없음,보행자,남,72세,경상
2018030700100137,2018년 3월 7일 09시,수요일,인천광역시 미추홀구 용현동,경상사고,0,0,1,0,차대사람 - 횡단중,보행자보호의무위반,포장 - 건조,맑음,교차로 - 교차로안,승합,남,72세,기타불명,보행자,여,90세 이상,경상
2018030700100221,2018년 3월 7일 13시,수요일,인천광역시 연수구 옥련동,경상사고,0,0,1,0,차대사람 - 길가장자리구역통행중,안전운전불이행,포장 - 건조,흐림,단일로 - 기타,승용,남,77세,상해없음,보행자,여,71세,경상
2018030700100364,2018년 3월 7일 18시,수요일,인천광역시 남동구 만수동,중상사고,0,1,0,0,차대사람 - 횡단중,중앙선침범,포장 - 건조,맑음,단일로 - 기타,승합,남,46세,상해없음,보행자,남,43세,중상
2018030700100532,2018년 3월 7일 22시,수요일,인천광역시 미추홀구 주안동,경상사고,0,0,1,0,차대사람 - 횡단중,신호위반,포장 - 젖음/습기,비,단일로 - 기타,승용,남,22세,상해없음,보행자,여,21세,경상
2018030700100533,2018년 3월 7일 22시,수요일,인천광역시 서구 심곡동,경상사고,0,0,1,0,차대사람 - 차도통행중,안전운전불이행,포장 - 젖음/습기,비,교차로 - 교차로부근,승용,여,49세,상해없음,보행자,남,58세,경상
2018030700100561,2018년 3월 7일 23시,수요일,인천광역시 서구 검암동,경상사고,0,0,1,0,차대사람 - 횡단중,안전운전불이행,포장 - 젖음/습기,비,교차로 - 교차로부근,승용,남,43세,상해없음,보행자,여,20세,경상
2018030800100024,2018년 3월 8일 00시,목요일,인천광역시 서구 가좌동,경상사고,0,0,1,0,차대사람 - 차도통행중,안전운전불이행,포장 - 젖음/습기,비,교차로 - 교차로부근,승용,남,47세,상해없음,보행자,여,58세,경상
2018030800100040,2018년 3월 8일 01시,목요일,인천광역시 남동구 만수동,중상사고,0,1,0,0,차대사람 - 횡단중,안전운전불이행,포장 - 젖음/습기,맑음,교차로 - 교차로안,승용,남,29세,상해없음,보행자,남,61세,중상
2018030800100174,2018년 3월 8일 08시,목요일,인천광역시 서구 가좌동,부상신고사고,0,0,0,1,차대사람 - 기타,안전운전불이행,포장 - 건조,맑음,교차로 - 교차로안,승용,남,43세,상해없음,보행자,남,17세,부상신고
2018030800100175,2018년 3월 8일 08시,목요일,인천광역시 서구 금곡동,경상사고,0,0,1,0,차대사람 - 길가장자리구역통행중,안전운전불이행,포장 - 젖음/습기,비,기타 - 기타,승용,여,56세,상해없음,보행자,남,10세,경상
2018030800100238,2018년 3월 8일 11시,목요일,인천광역시 부평구 부개동,중상사고,0,1,0,0,차대사람 - 차도통행중,안전운전불이행,포장 - 건조,맑음,단일로 - 기타,특수,남,44세,상해없음,보행자,여,73세,중상
2018030800100337,2018년 3월 8일 15시,목요일,인천광역시 미추홀구 용현동,경상사고,0,0,1,0,차대사람 - 기타,안전운전불이행,포장 - 건조,맑음,단일로 - 기타,승합,남,46세,상해없음,보행자,여,81세,경상
2018030800100353,2018년 3월 8일 16시,목요일,인천광역시 부평구 갈산동,경상사고,0,0,1,0,차대사람 - 기타,안전운전불이행,포장 - 건조,맑음,기타 - 기타,이륜,남,25세,상해없음,보행자,여,51세,경상
2018030800100466,2018년 3월 8일 20시,목요일,인천광역시 미추홀구 관교동,중상사고,0,1,0,0,차대사람 - 길가장자리구역통행중,안전운전불이행,포장 - 건조,맑음,단일로 - 기타,화물,남,51세,상해없음,보행자,여,69세,중상
2018030800100492,2018년 3월 8일 21시,목요일,인천광역시 부평구 십정동,중상사고,0,1,0,0,차대사람 - 기타,안전운전불이행,포장 - 건조,맑음,단일로 - 기타,기타불명,기타불명,미분류,기타불명,보행자,남,70세,중상
2018030900100195,2018년 3월 9일 12시,금요일,인천광역시 부평구 부평동,경상사고,0,0,2,0,차대사람 - 횡단중,보행자보호의무위반,포장 - 건조,맑음,교차로 - 교차로부근,승용,여,43세,상해없음,보행자,남,41세,경상
2018030900100324,2018년 3월 9일 17시,금요일,인천광역시 연수구 연수동,경상사고,0,0,1,0,차대사람 - 횡단중,신호위반,포장 - 건조,맑음,교차로 - 교차로횡단보도내,승용,여,41세,상해없음,보행자,남,11세,경상
2018030900100464,2018년 3월 9일 21시,금요일,인천광역시 연수구 선학동,경상사고,0,0,1,0,차대사람 - 보도통행중,안전운전불이행,포장 - 건조,맑음,기타 - 기타,승용,남,29세,상해없음,보행자,남,54세,경상
2018031000100017,2018년 3월 10일 00시,토요일,인천광역시 남동구 만수동,경상사고,0,0,1,0,차대사람 - 횡단중,안전거리미확보,포장 - 건조,맑음,교차로 - 교차로부근,승용,남,42세,상해없음,보행자,남,48세,경상
2018031000100039,2018년 3월 10일 01시,토요일,인천광역시 부평구 부개동,중상사고,0,1,0,0,차대사람 - 횡단중,안전운전불이행,포장 - 건조,맑음,교차로 - 교차로안,승합,남,53세,상해없음,보행자,여,53세,중상
2018031000100083,2018년 3월 10일 04시,토요일,인천광역시 부평구 부평동,경상사고,0,0,1,0,차대사람 - 길가장자리구역통행중,신호위반,포장 - 건조,맑음,교차로 - 교차로부근,승용,남,19세,상해없음,보행자,남,23세,경상
2018031000100459,2018년 3월 10일 19시,토요일,인천광역시 서구 석남동,경상사고,0,0,1,0,차대사람 - 횡단중,보행자보호의무위반,포장 - 건조,맑음,교차로 - 교차로횡단보도내,승용,남,33세,상해없음,보행자,여,46세,경상
2018031000100489,2018년 3월 10일 20시,토요일,인천광역시 계양구 효성동,중상사고,0,1,0,0,차대사람 - 기타,안전운전불이행,포장 - 건조,맑음,단일로 - 기타,승용,여,51세,상해없음,보행자,남,56세,중상
2018031000100519,2018년 3월 10일 21시,토요일,인천광역시 연수구 청학동,중상사고,0,1,0,0,차대사람 - 기타,안전운전불이행,포장 - 건조,맑음,교차로 - 교차로부근,특수,남,50세,상해없음,보행자,여,20세,중상
2018031100100008,2018년 3월 11일 00시,일요일,인천광역시 부평구 부평동,경상사고,0,0,1,0,차대사람 - 기타,안전운전불이행,포장 - 건조,맑음,단일로 - 기타,승용,남,25세,상해없음,보행자,남,18세,경상
2018031100100028,2018년 3월 11일 01시,일요일,인천광역시 남동구 구월동,중상사고,0,1,0,0,차대사람 - 차도통행중,신호위반,포장 - 건조,맑음,교차로 - 교차로안,이륜,남,20세,상해없음,보행자,남,26세,중상
2018031200100016,2018년 3월 12일 02시,월요일,인천광역시 남동구 구월동,중상사고,0,1,0,0,차대사람 - 길가장자리구역통행중,안전운전불이행,포장 - 기타,맑음,기타 - 기타,승용,남,68세,상해없음,보행자,남,61세,중상
2018031200100356,2018년 3월 12일 16시,월요일,인천광역시 서구 가좌동,경상사고,0,0,1,0,차대사람 - 보도통행중,기타,포장 - 건조,맑음,기타 - 기타,승합,남,29세,상해없음,보행자,남,62세,경상
2018031200100401,2018년 3월 12일 17시,월요일,인천광역시 계양구 계산동,사망사고,1,0,0,0,차대사람 - 횡단중,안전운전불이행,포장 - 건조,맑음,교차로 - 교차로횡단보도내,승용,여,28세,상해없음,보행자,남,85세,사망
2018031200100472,2018년 3월 12일 19시,월요일,인천광역시 서구 연희동,경상사고,0,0,1,0,차대사람 - 횡단중,보행자보호의무위반,포장 - 건조,맑음,교차로 - 교차로안,승용,남,54세,상해없음,보행자,남,32세,경상
2018031200100558,2018년 3월 12일 23시,월요일,인천광역시 계양구 효성동,중상사고,0,1,0,0,차대사람 - 횡단중,보행자보호의무위반,포장 - 건조,맑음,단일로 - 기타,승용,남,62세,상해없음,보행자,여,23세,중상
2018031300100006,2018년 3월 13일 00시,화요일,인천광역시 미추홀구 주안동,부상신고사고,0,0,0,1,차대사람 - 길가장자리구역통행중,안전운전불이행,포장 - 건조,맑음,기타 - 기타,승용,남,24세,상해없음,보행자,남,47세,부상신고
2018031300100026,2018년 3월 13일 02시,화요일,인천광역시 부평구 부평동,경상사고,0,0,1,0,차대사람 - 기타,신호위반,포장 - 건조,맑음,단일로 - 기타,승합,남,26세,상해없음,보행자,남,30세,경상
2018031300100109,2018년 3월 13일 08시,화요일,인천광역시 연수구 송도동,경상사고,0,0,1,0,차대사람 - 횡단중,보행자보호의무위반,포장 - 건조,맑음,교차로 - 교차로부근,승용,여,46세,상해없음,보행자,여,36세,경상
2018031300100215,2018년 3월 13일 12시,화요일,인천광역시 동구 송림동,경상사고,0,0,1,0,차대사람 - 기타,안전운전불이행,포장 - 건조,맑음,단일로 - 기타,승용,남,62세,상해없음,보행자,남,33세,경상
2018031300100301,2018년 3월 13일 15시,화요일,인천광역시 서구 심곡동,경상사고,0,0,1,0,차대사람 - 길가장자리구역통행중,안전운전불이행,포장 - 건조,맑음,단일로 - 기타,승용,남,56세,상해없음,보행자,여,12세,경상
2018031300100389,2018년 3월 13일 17시,화요일,인천광역시 부평구 십정동,경상사고,0,0,1,0,차대사람 - 기타,안전운전불이행,포장 - 건조,맑음,단일로 - 기타,승용,여,48세,상해없음,보행자,남,5세,경상
2018031400100432,2018년 3월 14일 17시,수요일,인천광역시 남동구 만수동,중상사고,0,1,0,0,차대사람 - 차도통행중,안전운전불이행,포장 - 건조,맑음,단일로 - 기타,승용,남,28세,상해없음,보행자,남,49세,중상
2018031400100472,2018년 3월 14일 18시,수요일,인천광역시 부평구 산곡동,중상사고,0,1,0,0,차대사람 - 기타,안전운전불이행,포장 - 건조,맑음,단일로 - 기타,자전거,남,13세,상해없음,보행자,남,69세,중상
2018031400100474,2018년 3월 14일 18시,수요일,인천광역시 부평구 부평동,경상사고,0,0,1,0,차대사람 - 기타,안전운전불이행,포장 - 건조,맑음,단일로 - 기타,승용,여,29세,상해없음,보행자,남,9세,경상
2018031400100579,2018년 3월 14일 21시,수요일,인천광역시 서구 당하동,경상사고,0,0,1,0,차대사람 - 횡단중,보행자보호의무위반,포장 - 건조,맑음,교차로 - 교차로횡단보도내,승용,남,63세,상해없음,보행자,남,63세,경상
2018031500100074,2018년 3월 15일 06시,목요일,인천광역시 서구 마전동,중상사고,0,2,0,0,차대사람 - 횡단중,보행자보호의무위반,포장 - 젖음/습기,비,단일로 - 기타,승용,여,37세,상해없음,보행자,여,67세,중상
2018031500100387,2018년 3월 15일 16시,목요일,인천광역시 서구 검암동,중상사고,0,1,0,0,차대사람 - 횡단중,신호위반,포장 - 건조,맑음,단일로 - 기타,승용,여,48세,상해없음,보행자,여,20세,중상
2018031500100599,2018년 3월 15일 22시,목요일,인천광역시 연수구 연수동,사망사고,1,0,0,0,차대사람 - 횡단중,안전운전불이행,포장 - 건조,맑음,교차로 - 교차로부근,화물,남,56세,상해없음,보행자,남,67세,사망
2018031600100158,2018년 3월 16일 09시,금요일,인천광역시 연수구 옥련동,중상사고,0,1,0,0,차대사람 - 기타,안전운전불이행,포장 - 건조,맑음,단일로 - 기타,승용,여,38세,상해없음,보행자,남,39세,중상
2018031600100193,2018년 3월 16일 10시,금요일,인천광역시 계양구 계산동,경상사고,0,0,1,0,차대사람 - 차도통행중,안전운전불이행,포장 - 건조,맑음,단일로 - 기타,승합,남,49세,상해없음,보행자,남,44세,경상
2018031600100329,2018년 3월 16일 15시,금요일,인천광역시 부평구 삼산동,중상사고,0,1,0,0,차대사람 - 횡단중,안전운전불이행,포장 - 건조,맑음,단일로 - 기타,승합,남,24세,상해없음,보행자,여,63세,중상
2018031600100448,2018년 3월 16일 18시,금요일,인천광역시 미추홀구 관교동,경상사고,0,0,1,0,차대사람 - 기타,안전운전불이행,포장 - 건조,맑음,단일로 - 기타,승합,남,65세,상해없음,보행자,여,47세,경상
2018031600100575,2018년 3월 16일 21시,금요일,인천광역시 남동구 간석동,중상사고,0,1,0,0,차대사람 - 길가장자리구역통행중,안전운전불이행,포장 - 건조,맑음,교차로 - 교차로안,승용,남,38세,상해없음,보행자,남,54세,중상
2018031600100576,2018년 3월 16일 21시,금요일,인천광역시 연수구 옥련동,경상사고,0,0,1,0,차대사람 - 횡단중,신호위반,포장 - 건조,맑음,교차로 - 교차로횡단보도내,이륜,남,16세,상해없음,보행자,여,14세,경상
2018031600100600,2018년 3월 16일 22시,금요일,인천광역시 미추홀구 용현동,부상신고사고,0,0,0,1,차대사람 - 길가장자리구역통행중,안전운전불이행,포장 - 건조,맑음,기타 - 기타,기타불명,기타불명,미분류,기타불명,보행자,남,53세,부상신고
2018031700100380,2018년 3월 17일 16시,토요일,인천광역시 미추홀구 관교동,경상사고,0,0,1,0,차대사람 - 차도통행중,안전운전불이행,포장 - 건조,맑음,기타 - 기타,승용,남,32세,상해없음,보행자,남,59세,경상
2018031700100382,2018년 3월 17일 16시,토요일,인천광역시 계양구 임학동,중상사고,0,1,0,0,차대사람 - 길가장자리구역통행중,안전운전불이행,포장 - 건조,맑음,교차로 - 교차로부근,승용,남,30세,상해없음,보행자,남,52세,중상
2018031700100434,2018년 3월 17일 17시,토요일,인천광역시 강화군 강화읍,부상신고사고,0,0,0,1,차대사람 - 기타,안전운전불이행,포장 - 건조,맑음,주차장 - 주차장,승용,남,61세,상해없음,보행자,남,59세,부상신고
2018031700100543,2018년 3월 17일 20시,토요일,인천광역시 서구 가좌동,중상사고,0,1,0,0,차대사람 - 횡단중,안전운전불이행,포장 - 건조,맑음,단일로 - 기타,승용,남,54세,상해없음,보행자,남,73세,중상
2018031700100581,2018년 3월 17일 21시,토요일,인천광역시 미추홀구 관교동,중상사고,0,1,0,0,차대사람 - 기타,안전운전불이행,포장 - 건조,맑음,교차로 - 교차로부근,승용,남,64세,상해없음,보행자,여,51세,중상
2018031800100143,2018년 3월 18일 11시,일요일,인천광역시 계양구 계산동,경상사고,0,0,1,0,차대사람 - 횡단중,보행자보호의무위반,포장 - 건조,맑음,교차로 - 교차로횡단보도내,이륜,남,46세,상해없음,보행자,여,61세,경상
2018031800100244,2018년 3월 18일 15시,일요일,인천광역시 중구 전동,부상신고사고,0,0,0,1,차대사람 - 기타,안전운전불이행,포장 - 건조,맑음,단일로 - 기타,승용,남,32세,상해없음,보행자,여,36세,부상신고
2018031800100358,2018년 3월 18일 19시,일요일,인천광역시 부평구 삼산동,경상사고,0,0,1,0,차대사람 - 횡단중,신호위반,포장 - 건조,맑음,교차로 - 교차로횡단보도내,화물,남,51세,상해없음,보행자,여,63세,경상
2018031800100392,2018년 3월 18일 20시,일요일,인천광역시 남동구 만수동,부상신고사고,0,0,0,1,차대사람 - 기타,안전운전불이행,포장 - 건조,맑음,단일로 - 기타,승합,남,45세,상해없음,보행자,여,74세,부상신고
2018031900100067,2018년 3월 19일 06시,월요일,인천광역시 계양구 효성동,경상사고,0,0,1,0,차대사람 - 보도통행중,보행자보호의무위반,포장 - 젖음/습기,비,교차로 - 교차로부근,승용,남,45세,상해없음,보행자,남,65세,경상
2018031900100121,2018년 3월 19일 08시,월요일,인천광역시 연수구 동춘동,경상사고,0,0,2,0,차대사람 - 횡단중,신호위반,포장 - 건조,맑음,교차로 - 교차로횡단보도내,승용,남,43세,상해없음,보행자,여,15세,경상
2018031900100147,2018년 3월 19일 09시,월요일,인천광역시 미추홀구 주안동,경상사고,0,0,1,0,차대사람 - 기타,안전운전불이행,포장 - 건조,맑음,단일로 - 기타,승용,여,64세,상해없음,보행자,남,58세,경상
2018031900100341,2018년 3월 19일 16시,월요일,인천광역시 미추홀구 주안동,경상사고,0,0,1,0,차대사람 - 기타,안전운전불이행,포장 - 건조,맑음,단일로 - 기타,승용,남,66세,상해없음,보행자,남,59세,경상
2018031900100410,2018년 3월 19일 18시,월요일,인천광역시 계양구 효성동,중상사고,0,1,0,0,차대사람 - 차도통행중,안전운전불이행,포장 - 건조,맑음,단일로 - 기타,승용,남,71세,상해없음,보행자,여,86세,중상
2018031900100496,2018년 3월 19일 20시,월요일,인천광역시 남동구 간석동,경상사고,0,0,1,0,차대사람 - 횡단중,신호위반,포장 - 건조,맑음,교차로 - 교차로안,승용,남,19세,상해없음,보행자,여,61세,경상
2018031900100532,2018년 3월 19일 21시,월요일,인천광역시 계양구 계산동,경상사고,0,0,1,0,차대사람 - 보도통행중,안전운전불이행,포장 - 건조,맑음,단일로 - 기타,승용,남,60세,기타불명,보행자,남,47세,경상
2018032000100022,2018년 3월 20일 02시,화요일,인천광역시 계양구 계산동,경상사고,0,0,1,0,차대사람 - 기타,기타,포장 - 건조,맑음,단일로 - 기타,승용,남,63세,상해없음,보행자,여,35세,경상
2018032000100045,2018년 3월 20일 05시,화요일,인천광역시 중구 도원동,중상사고,0,1,0,0,차대사람 - 횡단중,안전운전불이행,포장 - 건조,맑음,교차로 - 교차로부근,승용,남,58세,상해없음,보행자,남,35세,중상
2018032000100245,2018년 3월 20일 12시,화요일,인천광역시 남동구 구월동,부상신고사고,0,0,0,1,차대사람 - 기타,안전운전불이행,포장 - 건조,맑음,교차로 - 교차로안,원동기,남,26세,상해없음,보행자,여,65세,부상신고
2018032000100320,2018년 3월 20일 15시,화요일,인천광역시 서구 가좌동,중상사고,0,1,0,0,차대사람 - 횡단중,보행자보호의무위반,포장 - 건조,맑음,교차로 - 교차로부근,화물,남,45세,상해없음,보행자,여,24세,중상
2018032000100346,2018년 3월 20일 16시,화요일,인천광역시 서구 검암동,경상사고,0,0,2,0,차대사람 - 횡단중,보행자보호의무위반,포장 - 건조,맑음,교차로 - 교차로횡단보도내,화물,남,23세,상해없음,보행자,남,40세,경상
2018032000100465,2018년 3월 20일 19시,화요일,인천광역시 서구 석남동,경상사고,0,0,1,0,차대사람 - 기타,안전운전불이행,포장 - 건조,맑음,단일로 - 기타,화물,남,52세,상해없음,보행자,남,57세,경상
2018032000100466,2018년 3월 20일 19시,화요일,인천광역시 강화군 선원면,사망사고,1,0,0,0,차대사람 - 횡단중,안전운전불이행,포장 - 건조,흐림,단일로 - 기타,승용,남,48세,상해없음,보행자,남,74세,사망
2018032100100272,2018년 3월 21일 14시,수요일,인천광역시 서구 당하동,중상사고,0,1,0,0,차대사람 - 횡단중,보행자보호의무위반,포장 - 건조,맑음,교차로 - 교차로횡단보도내,승용,여,64세,상해없음,보행자,여,37세,중상
2018032100100273,2018년 3월 21일 14시,수요일,인천광역시 계양구 계산동,중상사고,0,1,0,0,차대사람 - 기타,안전운전불이행,포장 - 젖음/습기,눈,교차로 - 교차로안,승용,남,67세,상해없음,보행자,여,62세,중상
2018032100100376,2018년 3월 21일 17시,수요일,인천광역시 남동구 만수동,경상사고,0,0,1,0,차대사람 - 횡단중,안전운전불이행,포장 - 젖음/습기,비,교차로 - 교차로부근,승합,남,61세,상해없음,보행자,여,12세,경상
2018032100100487,2018년 3월 21일 20시,수요일,인천광역시 부평구 부평동,경상사고,0,0,1,0,차대사람 - 기타,안전운전불이행,포장 - 건조,맑음,단일로 - 기타,승용,남,64세,상해없음,보행자,남,62세,경상
2018032100100545,2018년 3월 21일 22시,수요일,인천광역시 서구 가좌동,경상사고,0,0,1,0,차대사람 - 횡단중,보행자보호의무위반,포장 - 젖음/습기,비,교차로 - 교차로안,승용,남,46세,상해없음,보행자,남,37세,경상
2018032100100576,2018년 3월 21일 23시,수요일,인천광역시 부평구 산곡동,중상사고,0,1,0,0,차대사람 - 보도통행중,안전운전불이행,포장 - 건조,맑음,교차로 - 교차로안,승용,남,61세,상해없음,보행자,남,52세,중상
2018032200100382,2018년 3월 22일 16시,목요일,인천광역시 미추홀구 관교동,경상사고,0,0,1,0,차대사람 - 길가장자리구역통행중,안전운전불이행,포장 - 건조,맑음,기타 - 기타,승용,여,58세,상해없음,보행자,여,13세,경상
2018032200100383,2018년 3월 22일 16시,목요일,인천광역시 미추홀구 관교동,경상사고,0,0,1,0,차대사람 - 차도통행중,안전운전불이행,포장 - 건조,맑음,단일로 - 기타,승합,남,60세,상해없음,보행자,남,68세,경상
2018032200100579,2018년 3월 22일 22시,목요일,인천광역시 미추홀구 문학동,중상사고,0,1,0,0,차대사람 - 횡단중,안전운전불이행,포장 - 건조,맑음,교차로 - 교차로부근,승용,남,63세,상해없음,보행자,여,27세,중상
2018032300100130,2018년 3월 23일 08시,금요일,인천광역시 부평구 부평동,경상사고,0,0,1,0,차대사람 - 길가장자리구역통행중,안전운전불이행,포장 - 건조,맑음,교차로 - 교차로부근,승용,여,61세,상해없음,보행자,남,29세,경상
2018032300100131,2018년 3월 23일 08시,금요일,인천광역시 남동구 간석동,경상사고,0,0,2,0,차대사람 - 길가장자리구역통행중,안전운전불이행,포장 - 건조,맑음,단일로 - 기타,승용,여,62세,상해없음,보행자,여,57세,경상
2018032300100241,2018년 3월 23일 12시,금요일,인천광역시 연수구 연수동,중상사고,0,1,0,0,차대사람 - 차도통행중,안전운전불이행,포장 - 건조,맑음,단일로 - 기타,원동기,남,17세,상해없음,보행자,여,31세,중상
2018032300100242,2018년 3월 23일 12시,금요일,인천광역시 연수구 연수동,중상사고,0,1,0,0,차대사람 - 길가장자리구역통행중,불법유턴,포장 - 건조,맑음,기타 - 기타,승용,여,68세,상해없음,보행자,여,67세,중상
2018032300100369,2018년 3월 23일 16시,금요일,인천광역시 부평구 부평동,경상사고,0,0,1,0,차대사람 - 기타,안전운전불이행,포장 - 건조,맑음,단일로 - 기타,원동기,남,31세,상해없음,보행자,남,21세,경상
2018032500100237,2018년 3월 25일 15시,일요일,인천광역시 계양구 임학동,경상사고,0,0,1,0,차대사람 - 기타,안전운전불이행,포장 - 건조,맑음,기타 - 기타,승용,남,57세,상해없음,보행자,여,66세,경상
2018032600100135,2018년 3월 26일 09시,월요일,인천광역시 동구 만석동,경상사고,0,0,2,0,차대사람 - 기타,안전운전불이행,포장 - 건조,맑음,단일로 - 기타,승용,남,60세,상해없음,보행자,남,54세,경상
2018032600100257,2018년 3월 26일 13시,월요일,인천광역시 미추홀구 주안동,경상사고,0,0,1,0,차대사람 - 길가장자리구역통행중,안전운전불이행,포장 - 건조,맑음,단일로 - 기타,승합,여,38세,상해없음,보행자,여,7세,경상
2018032600100514,2018년 3월 26일 20시,월요일,인천광역시 남동구 논현동,경상사고,0,0,1,0,차대사람 - 기타,안전운전불이행,포장 - 건조,맑음,교차로 - 교차로부근,기타불명,기타불명,미분류,기타불명,보행자,남,17세,경상
2018032700100029,2018년 3월 27일 04시,화요일,인천광역시 서구 신현동,경상사고,0,0,1,0,차대사람 - 횡단중,안전운전불이행,포장 - 건조,맑음,단일로 - 기타,승합,남,49세,상해없음,보행자,남,28세,경상
2018032700100337,2018년 3월 27일 16시,화요일,인천광역시 미추홀구 문학동,중상사고,0,1,0,0,차대사람 - 차도통행중,안전운전불이행,포장 - 건조,맑음,교차로 - 교차로안,승합,남,67세,상해없음,보행자,남,75세,중상
2018032700100339,2018년 3월 27일 16시,화요일,인천광역시 남동구 남촌동,중상사고,0,1,0,0,차대사람 - 기타,안전운전불이행,포장 - 건조,맑음,교차로 - 교차로안,화물,남,45세,상해없음,보행자,여,61세,중상
2018032800100055,2018년 3월 28일 06시,수요일,인천광역시 계양구 병방동,중상사고,0,1,0,0,차대사람 - 횡단중,안전운전불이행,포장 - 건조,맑음,교차로 - 교차로횡단보도내,승용,남,40세,상해없음,보행자,여,54세,중상