사고번호,사고일시,요일,시군구,사고내용,사망자수,중상자수,경상자수,부상신고자수,사고유형,법규위반,노면상태,기상상태,도로형태,가해운전자 차종,가해운전자 성별,가해운전자 연령,가해운전자 상해정도,피해운전자 차종,피해운전자 성별,피해운전자 연령,피해운전자 상해정도
2018032800100056,2018년 3월 28일 06시,수요일,인천광역시 계양구 박촌동,중상사고,0,1,0,0,차대사람 - 기타,기타,포장 - 건조,맑음,단일로 - 기타,승합,남,56세,상해없음,보행자,여,60세,중상
2018032800100343,2018년 3월 28일 15시,수요일,인천광역시 남동구 간석동,중상사고,0,1,0,0,차대사람 - 기타,기타,포장 - 건조,맑음,기타 - 기타,승용,남,55세,상해없음,보행자,여,66세,중상
2018032800100344,2018년 3월 28일 15시,수요일,인천광역시 서구 심곡동,경상사고,0,0,1,0,차대사람 - 길가장자리구역통행중,안전운전불이행,포장 - 건조,맑음,단일로 - 기타,승용,여,40세,상해없음,보행자,여,51세,경상
2018032800100468,2018년 3월 28일 18시,수요일,인천광역시 연수구 송도동,중상사고,0,1,0,0,차대사람 - 보도통행중,신호위반,포장 - 건조,맑음,교차로 - 교차로부근,승용,남,20세,상해없음,보행자,남,20세,중상
2018032800100600,2018년 3월 28일 23시,수요일,인천광역시 서구 가좌동,경상사고,0,0,1,0,차대사람 - 기타,안전운전불이행,포장 - 건조,맑음,교차로 - 교차로부근,승용,여,32세,상해없음,보행자,여,45세,경상
2018032900100048,2018년 3월 29일 03시,목요일,인천광역시 서구 백석동,중상사고,0,1,0,0,차대사람 - 횡단중,신호위반,포장 - 건조,기타,교차로 - 교차로부근,화물,남,39세,상해없음,보행자,남,32세,중상
2018032900100123,2018년 3월 29일 08시,목요일,인천광역시 계양구 효성동,중상사고,0,1,0,0,차대사람 - 횡단중,안전운전불이행,포장 - 건조,맑음,단일로 - 기타,승용,남,42세,상해없음,보행자,여,46세,중상
2018032900100160,2018년 3월 29일 09시,목요일,인천광역시 미추홀구 도화동,중상사고,0,1,0,0,차대사람 - 횡단중,안전운전불이행,포장 - 건조,맑음,교차로 - 교차로부근,기타불명,기타불명,미분류,기타불명,보행자,여,48세,중상
2018032900100420,2018년 3월 29일 17시,목요일,인천광역시 부평구 갈산동,중상사고,0,1,0,0,차대사람 - 차도통행중,안전운전불이행,포장 - 건조,맑음,단일로 - 기타,승용,남,46세,상해없음,보행자,여,80세,중상
2018032900100488,2018년 3월 29일 19시,목요일,인천광역시 남동구 간석동,경상사고,0,0,1,0,차대사람 - 기타,안전운전불이행,포장 - 건조,맑음,기타 - 기타,기타불명,기타불명,미분류,기타불명,보행자,남,41세,경상
2018032900100527,2018년 3월 29일 20시,목요일,인천광역시 미추홀구 용현동,중상사고,0,1,0,0,차대사람 - 기타,안전운전불이행,포장 - 건조,맑음,교차로 - 교차로부근,승용,남,32세,상해없음,보행자,여,63세,중상
2018032900100528,2018년 3월 29일 20시,목요일,인천광역시 부평구 삼산동,경상사고,0,0,1,0,차대사람 - 차도통행중,안전운전불이행,포장 - 건조,맑음,단일로 - 기타,이륜,남,22세,상해없음,보행자,남,60세,경상
2018032900100566,2018년 3월 29일 21시,목요일,인천광역시 연수구 연수동,경상사고,0,0,1,0,차대사람 - 차도통행중,안전운전불이행,포장 - 건조,맑음,단일로 - 기타,승용,남,51세,상해없음,보행자,남,22세,경상
2018032900100620,2018년 3월 29일 23시,목요일,인천광역시 계양구 계산동,중상사고,0,1,0,0,차대사람 - 기타,안전운전불이행,포장 - 건조,맑음,교차로 - 교차로부근,승용,남,50세,상해없음,보행자,남,56세,중상
2018033000100015,2018년 3월 30일 00시,금요일,인천광역시 동구 송림동,경상사고,0,0,1,0,차대사람 - 횡단중,보행자보호의무위반,포장 - 건조,맑음,단일로 - 기타,승용,남,62세,상해없음,보행자,남,31세,경상
2018033000100132,2018년 3월 30일 08시,금요일,인천광역시 부평구 부평동,경상사고,0,0,1,0,차대사람 - 기타,안전운전불이행,포장 - 건조,맑음,단일로 - 기타,승용,여,31세,상해없음,보행자,남,30세,경상
2018033000100350,2018년 3월 30일 15시,금요일,인천광역시 부평구 부평동,중상사고,0,1,0,0,차대사람 - 기타,신호위반,포장 - 건조,맑음,단일로 - 기타,승용,남,27세,상해없음,보행자,남,62세,중상
2018033100100022,2018년 3월 31일 00시,토요일,인천광역시 연수구 선학동,경상사고,0,0,1,0,차대사람 - 길가장자리구역통행중,안전운전불이행,포장 - 건조,맑음,단일로 - 기타,승용,남,54세,상해없음,보행자,여,23세,경상
2018033100100060,2018년 3월 31일 03시,토요일,인천광역시 부평구 부평동,경상사고,0,0,1,0,차대사람 - 횡단중,교차로운행방법위반,포장 - 건조,맑음,교차로 - 교차로횡단보도내,승용,남,56세,상해없음,보행자,여,36세,경상
2018033100100080,2018년 3월 31일 05시,토요일,인천광역시 남동구 만수동,중상사고,0,1,0,0,차대사람 - 차도통행중,안전운전불이행,포장 - 건조,맑음,단일로 - 기타,승용,남,74세,상해없음,보행자,남,70세,중상
2018033100100128,2018년 3월 31일 08시,토요일,인천광역시 부평구 십정동,경상사고,0,0,1,0,차대사람 - 기타,안전운전불이행,포장 - 건조,맑음,단일로 - 기타,기타불명,기타불명,미분류,기타불명,보행자,여,27세,경상
2018033100100276,2018년 3월 31일 13시,토요일,인천광역시 계양구 계산동,중상사고,0,1,0,0,차대사람 - 길가장자리구역통행중,안전운전불이행,포장 - 건조,맑음,단일로 - 기타,기타불명,여,58세,상해없음,보행자,여,77세,중상
2018033100100390,2018년 3월 31일 16시,토요일,인천광역시 계양구 계산동,경상사고,0,0,1,0,차대사람 - 차도통행중,안전운전불이행,포장 - 건조,맑음,단일로 - 기타,승합,남,56세,상해없음,보행자,남,53세,경상
2018040100100249,2018년 4월 1일 14시,일요일,인천광역시 남동구 만수동,경상사고,0,0,1,0,차대사람 - 길가장자리구역통행중,안전운전불이행,포장 - 건조,맑음,단일로 - 기타,승용,여,44세,상해없음,보행자,여,67세,경상
2018040100100269,2018년 4월 1일 15시,일요일,인천광역시 부평구 부평동,경상사고,0,0,1,0,차대사람 - 기타,기타,포장 - 건조,맑음,단일로 - 기타,승합,남,43세,상해없음,보행자,남,70세,경상
2018040100100386,2018년 4월 1일 19시,일요일,인천광역시 미추홀구 학익동,경상사고,0,0,1,0,차대사람 - 횡단중,보행자보호의무위반,포장 - 건조,맑음,교차로 - 교차로횡단보도내,승용,여,44세,상해없음,보행자,남,55세,경상
2018040200100136,2018년 4월 2일 08시,월요일,인천광역시 미추홀구 관교동,중상사고,0,1,0,0,차대사람 - 횡단중,신호위반,포장 - 건조,맑음,교차로 - 교차로안,승용,여,55세,상해없음,보행자,남,45세,중상
2018040200100508,2018년 4월 2일 19시,월요일,인천광역시 남동구 구월동,경상사고,0,0,1,0,차대사람 - 보도통행중,신호위반,포장 - 건조,맑음,교차로 - 교차로횡단보도내,자전거,남,35세,상해없음,보행자,남,24세,경상
2018040200100509,2018년 4월 2일 19시,월요일,인천광역시 남동구 간석동,중상사고,0,1,0,0,차대사람 - 횡단중,보행자보호의무위반,포장 - 건조,맑음,기타 - 기타,화물,남,48세,상해없음,보행자,남,61세,중상
2018040300100040,2018년 4월 3일 04시,화요일,인천광역시 계양구 임학동,중상사고,0,1,0,0,차대사람 - 횡단중,신호위반,포장 - 건조,맑음,교차로 - 교차로부근,승용,남,53세,상해없음,보행자,남,60세,중상
2018040300100404,2018년 4월 3일 16시,화요일,인천광역시 남동구 간석동,중상사고,0,1,0,0,차대사람 - 횡단중,안전운전불이행,포장 - 건조,맑음,교차로 - 교차로안,승용,남,69세,상해없음,보행자,여,66세,중상
2018040300100406,2018년 4월 3일 16시,화요일,인천광역시 계양구 계산동,중상사고,0,1,0,0,차대사람 - 횡단중,신호위반,포장 - 건조,맑음,교차로 - 교차로횡단보도내,화물,남,33세,상해없음,보행자,남,71세,중상
2018040300100442,2018년 4월 3일 17시,화요일,인천광역시 계양구 효성동,경상사고,0,0,1,0,차대사람 - 기타,안전운전불이행,포장 - 건조,맑음,기타 - 기타,화물,남,77세,상해없음,보행자,여,15세,경상
2018040300100523,2018년 4월 3일 19시,화요일,인천광역시 연수구 연수동,중상사고,0,1,0,0,차대사람 - 보도통행중,안전운전불이행,포장 - 건조,맑음,단일로 - 기타,승용,여,39세,상해없음,보행자,여,3세,중상
2018040300100584,2018년 4월 3일 21시,화요일,인천광역시 남동구 구월동,중상사고,0,1,0,0,차대사람 - 횡단중,안전운전불이행,포장 - 건조,흐림,단일로 - 기타,승용,남,61세,상해없음,보행자,여,58세,중상
2018040300100640,2018년 4월 3일 23시,화요일,인천광역시 부평구 삼산동,경상사고,0,0,1,0,차대사람 - 기타,신호위반,포장 - 건조,맑음,교차로 - 교차로횡단보도내,화물,남,57세,상해없음,보행자,여,18세,경상
2018040400100114,2018년 4월 4일 07시,수요일,인천광역시 남동구 구월동,중상사고,0,1,0,0,차대사람 - 횡단중,보행자보호의무위반,포장 - 건조,맑음,교차로 - 교차로횡단보도내,승용,남,34세,상해없음,보행자,여,52세,중상
2018040400100156,2018년 4월 4일 08시,수요일,인천광역시 미추홀구 주안동,경상사고,0,0,1,0,차대사람 - 길가장자리구역통행중,안전운전불이행,포장 - 건조,맑음,기타 - 기타,승용,여,56세,상해없음,보행자,여,63세,경상
2018040400100157,2018년 4월 4일 08시,수요일,인천광역시 계양구 계산동,중상사고,0,1,0,0,차대사람 - 횡단중,안전운전불이행,포장 - 젖음/습기,흐림,교차로 - 교차로부근,화물,남,50세,상해없음,보행자,여,49세,중상
2018040400100259,2018년 4월 4일 12시,수요일,인천광역시 남동구 만수동,경상사고,0,0,1,0,차대사람 - 기타,안전운전불이행,포장 - 건조,맑음,기타 - 기타,승용,남,65세,상해없음,보행자,여,80세,경상
2018040400100469,2018년 4월 4일 18시,수요일,인천광역시 부평구 산곡동,중상사고,0,1,0,0,차대사람 - 기타,안전운전불이행,포장 - 건조,맑음,단일로 - 기타,승용,남,80세,상해없음,보행자,여,39세,중상
2018040400100470,2018년 4월 4일 18시,수요일,인천광역시 계양구 계산동,중상사고,0,1,0,0,차대사람 - 길가장자리구역통행중,안전운전불이행,포장 - 건조,맑음,교차로 - 교차로부근,이륜,남,17세,상해없음,보행자,여,7세,중상
2018040400100541,2018년 4월 4일 20시,수요일,인천광역시 미추홀구 도화동,부상신고사고,0,0,0,1,차대사람 - 횡단중,보행자보호의무위반,포장 - 건조,맑음,기타 - 기타,승용,남,46세,기타불명,보행자,여,5세,부상신고
2018040400100572,2018년 4월 4일 21시,수요일,인천광역시 서구 가정동,경상사고,0,0,1,0,차대사람 - 기타,안전운전불이행,포장 - 건조,맑음,교차로 - 교차로부근,승용,남,47세,상해없음,보행자,남,35세,경상
2018040400100573,2018년 4월 4일 21시,수요일,인천광역시 계양구 작전동,경상사고,0,0,1,0,차대사람 - 기타,안전운전불이행,포장 - 건조,맑음,단일로 - 기타,이륜,남,17세,상해없음,보행자,여,41세,경상
2018040500100062,2018년 4월 5일 06시,목요일,인천광역시 남동구 만수동,중상사고,0,1,0,0,차대사람 - 기타,안전운전불이행,포장 - 건조,맑음,단일로 - 기타,승용,남,44세,상해없음,보행자,여,48세,중상
2018040500100192,2018년 4월 5일 10시,목요일,인천광역시 계양구 효성동,부상신고사고,0,0,0,1,차대사람 - 횡단중,안전운전불이행,포장 - 젖음/습기,비,단일로 - 기타,승용,남,40세,기타불명,보행자,여,42세,부상신고
2018040500100218,2018년 4월 5일 11시,목요일,인천광역시 미추홀구 숭의동,경상사고,0,0,1,0,차대사람 - 기타,안전운전불이행,포장 - 젖음/습기,비,단일로 - 기타,화물,남,79세,상해없음,보행자,여,63세,경상
2018040500100390,2018년 4월 5일 17시,목요일,인천광역시 부평구 부평동,중상사고,0,1,0,0,차대사람 - 횡단중,안전운전불이행,포장 - 젖음/습기,비,단일로 - 기타,승용,남,55세,상해없음,보행자,남,61세,중상
2018040500100429,2018년 4월 5일 18시,목요일,인천광역시 남동구 간석동,경상사고,0,0,1,0,차대사람 - 기타,안전운전불이행,포장 - 건조,맑음,기타 - 기타,승합,남,21세,상해없음,보행자,여,53세,경상
2018040500100588,2018년 4월 5일 21시,목요일,인천광역시 남동구 간석동,경상사고,0,0,1,0,차대사람 - 길가장자리구역통행중,안전운전불이행,포장 - 젖음/습기,비,기타 - 기타,화물,여,53세,상해없음,보행자,남,70세,경상
2018040500100589,2018년 4월 5일 21시,목요일,인천광역시 서구 석남동,경상사고,0,0,1,0,차대사람 - 기타,안전운전불이행,포장 - 젖음/습기,비,기타 - 기타,승용,남,25세,상해없음,보행자,남,25세,경상
2018040500100669,2018년 4월 5일 23시,목요일,인천광역시 미추홀구 숭의동,경상사고,0,0,1,0,차대사람 - 횡단중,안전운전불이행,포장 - 젖음/습기,비,교차로 - 교차로부근,승용,남,37세,상해없음,보행자,남,26세,경상
2018040600100259,2018년 4월 6일 11시,금요일,인천광역시 동구 송림동,중상사고,0,1,0,0,차대사람 - 횡단중,안전운전불이행,포장 - 건조,맑음,단일로 - 기타,승용,남,49세,상해없음,보행자,여,75세,중상
2018040600100260,2018년 4월 6일 11시,금요일,인천광역시 연수구 송도동,중상사고,0,1,0,0,차대사람 - 기타,안전운전불이행,포장 - 건조,맑음,주차장 - 주차장,건설기계,남,53세,상해없음,보행자,남,55세,중상
2018040600100583,2018년 4월 6일 21시,금요일,인천광역시 남동구 간석동,중상사고,0,1,0,0,차대사람 - 기타,기타,포장 - 건조,맑음,기타 - 기타,승합,남,57세,상해없음,보행자,여,67세,중상
2018040600100615,2018년 4월 6일 22시,금요일,인천광역시 서구 마전동,경상사고,0,0,1,1,차대사람 - 횡단중,안전운전불이행,포장 - 건조,맑음,교차로 - 교차로부근,이륜,남,19세,부상신고,보행자,남,19세,경상
2018040700100424,2018년 4월 7일 16시,토요일,인천광역시 중구 중앙동4가,경상사고,0,0,1,0,차대사람 - 보도통행중,안전운전불이행,포장 - 건조,맑음,교차로 - 교차로부근,승용,여,44세,상해없음,보행자,여,36세,경상
2018040700100553,2018년 4월 7일 19시,토요일,인천광역시 남동구 구월동,중상사고,0,1,0,0,차대사람 - 기타,안전운전불이행,포장 - 건조,맑음,단일로 - 기타,승용,남,65세,상해없음,보행자,여,19세,중상
2018040700100646,2018년 4월 7일 22시,토요일,인천광역시 계양구 작전동,중상사고,0,1,0,0,차대사람 - 차도통행중,안전운전불이행,포장 - 건조,맑음,교차로 - 교차로부근,이륜,남,18세,상해없음,보행자,여,48세,중상
2018040700100647,2018년 4월 7일 22시,토요일,인천광역시 연수구 청학동,중상사고,0,1,0,0,차대사람 - 차도통행중,교차로운행방법위반,포장 - 건조,맑음,교차로 - 교차로부근,이륜,남,43세,상해없음,보행자,남,60세,중상
2018040800100068,2018년 4월 8일 04시,일요일,인천광역시 부평구 부평동,경상사고,0,0,1,0,차대사람 - 기타,안전운전불이행,포장 - 건조,맑음,교차로 - 교차로안,기타불명,기타불명,미분류,기타불명,보행자,남,31세,경상
2018040800100111,2018년 4월 8일 08시,일요일,인천광역시 서구 신현동,경상사고,0,0,1,0,차대사람 - 차도통행중,안전운전불이행,포장 - 건조,맑음,기타 - 기타,승용,남,55세,상해없음,보행자,남,34세,경상
2018040800100150,2018년 4월 8일 10시,일요일,인천광역시 연수구 연수동,중상사고,0,1,0,0,차대사람 - 기타,안전운전불이행,포장 - 건조,맑음,단일로 - 기타,승용,여,46세,상해없음,보행자,남,5세,중상
2018040800100195,2018년 4월 8일 12시,일요일,인천광역시 남동구 논현동,중상사고,0,1,0,0,차대사람 - 횡단중,보행자보호의무위반,포장 - 건조,맑음,교차로 - 교차로횡단보도내,승용,남,62세,상해없음,보행자,여,79세,중상
2018040800100252,2018년 4월 8일 14시,일요일,인천광역시 중구 중산동,중상사고,0,1,0,0,차대사람 - 횡단중,보행자보호의무위반,포장 - 건조,맑음,교차로 - 교차로횡단보도내,건설기계,남,63세,상해없음,보행자,남,45세,중상
2018040800100253,2018년 4월 8일 14시,일요일,인천광역시 남동구 구월동,중상사고,0,1,0,0,차대사람 - 기타,안전운전불이행,포장 - 건조,맑음,단일로 - 기타,승용,남,69세,상해없음,보행자,여,30세,중상
2018040900100030,2018년 4월 9일 02시,월요일,인천광역시 남동구 논현동,부상신고사고,0,0,0,1,차대사람 - 차도통행중,안전운전불이행,포장 - 건조,맑음,단일로 - 기타,승용,남,24세,상해없음,보행자,남,22세,부상신고
2018041000100168,2018년 4월 10일 09시,화요일,인천광역시 중구 경동,경상사고,0,0,1,0,차대사람 - 기타,안전운전불이행,포장 - 건조,맑음,단일로 - 기타,승용,남,37세,상해없음,보행자,남,65세,경상
2018041000100170,2018년 4월 10일 09시,화요일,인천광역시 부평구 삼산동,중상사고,0,1,0,0,차대사람 - 기타,안전운전불이행,포장 - 건조,맑음,단일로 - 기타,건설기계,남,50세,상해없음,보행자,남,60세,중상
2018041000100262,2018년 4월 10일 12시,화요일,인천광역시 연수구 연수동,경상사고,0,0,1,0,차대사람 - 기타,안전운전불이행,포장 - 건조,맑음,단일로 - 기타,승용,남,65세,상해없음,보행자,여,18세,경상
2018041000100350,2018년 4월 10일 15시,화요일,인천광역시 부평구 부개동,경상사고,0,0,1,0,차대사람 - 길가장자리구역통행중,안전운전불이행,포장 - 건조,맑음,단일로 - 기타,승용,여,61세,상해없음,보행자,여,75세,경상
2018041000100537,2018년 4월 10일 20시,화요일,인천광역시 남동구 간석동,중상사고,0,1,0,0,차대사람 - 기타,안전운전불이행,포장 - 젖음/습기,비,기타 - 기타,승용,남,62세,상해없음,보행자,남,54세,중상
2018041000100583,2018년 4월 10일 21시,화요일,인천광역시 남동구 구월동,중상사고,0,1,0,0,차대사람 - 보도통행중,보행자보호의무위반,포장 - 젖음/습기,흐림,교차로 - 교차로횡단보도내,승용,여,41세,상해없음,보행자,여,58세,중상
2018041000100657,2018년 4월 10일 23시,화요일,인천광역시 미추홀구 주안동,경상사고,0,0,1,0,차대사람 - 기타,안전운전불이행,포장 - 건조,맑음,단일로 - 기타,승용,남,26세,상해없음,보행자,남,28세,경상
2018041100100126,2018년 4월 11일 08시,수요일,인천광역시 서구 가좌동,경상사고,0,0,1,0,차대사람 - 길가장자리구역통행중,안전운전불이행,포장 - 건조,맑음,단일로 - 기타,승용,여,45세,상해없음,보행자,여,61세,경상
2018041100100244,2018년 4월 11일 12시,수요일,인천광역시 부평구 부평동,경상사고,0,0,1,0,차대사람 - 횡단중,신호위반,포장 - 건조,맑음,교차로 - 교차로횡단보도내,기타불명,기타불명,미분류,기타불명,보행자,여,23세,경상
2018041100100381,2018년 4월 11일 16시,수요일,인천광역시 서구 마전동,경상사고,0,0,1,0,차대사람 - 길가장자리구역통행중,안전운전불이행,포장 - 건조,맑음,교차로 - 교차로부근,승용,남,61세,기타불명,보행자,여,58세,경상
2018041200100031,2018년 4월 12일 02시,목요일,인천광역시 연수구 동춘동,사망사고,1,0,0,0,차대사람 - 횡단중,안전운전불이행,포장 - 건조,맑음,단일로 - 기타,승용,남,24세,상해없음,보행자,남,68세,사망
2018041200100093,2018년 4월 12일 07시,목요일,인천광역시 남동구 만수동,중상사고,0,1,0,0,차대사람 - 길가장자리구역통행중,안전운전불이행,포장 - 건조,맑음,단일로 - 기타,승합,남,66세,상해없음,보행자,여,49세,중상
2018041200100199,2018년 4월 12일 10시,목요일,인천광역시 부평구 부평동,중상사고,0,1,0,0,차대사람 - 횡단중,안전운전불이행,포장 - 건조,맑음,단일로 - 기타,승용,남,60세,상해없음,보행자,남,65세,중상
2018041200100293,2018년 4월 12일 13시,목요일,인천광역시 강화군 하점면,경상사고,0,0,1,0,차대사람 - 기타,안전운전불이행,포장 - 건조,맑음,단일로 - 기타,승용,여,54세,상해없음,보행자,남,57세,경상
2018041200100444,2018년 4월 12일 17시,목요일,인천광역시 남동구 구월동,중상사고,0,1,0,0,차대사람 - 보도통행중,보행자보호의무위반,포장 - 건조,맑음,교차로 - 교차로횡단보도내,승용,여,25세,상해없음,보행자,여,7세,중상
2018041200100484,2018년 4월 12일 18시,목요일,인천광역시 미추홀구 관교동,부상신고사고,0,0,0,1,차대사람 - 길가장자리구역통행중,안전운전불이행,포장 - 건조,맑음,기타 - 기타,승용,여,57세,상해없음,보행자,남,7세,부상신고
2018041200100485,2018년 4월 12일 18시,목요일,인천광역시 서구 석남동,경상사고,0,0,1,0,차대사람 - 횡단중,보행자보호의무위반,포장 - 건조,맑음,교차로 - 교차로부근,승용,여,62세,상해없음,보행자,여,44세,경상
2018041200100605,2018년 4월 12일 21시,목요일,인천광역시 연수구 연수동,경상사고,0,0,1,0,차대사람 - 횡단중,보행자보호의무위반,포장 - 건조,맑음,교차로 - 교차로안,승용,남,41세,상해없음,보행자,남,31세,경상
2018041200100654,2018년 4월 12일 23시,목요일,인천광역시 부평구 부개동,중상사고,0,1,0,0,차대사람 - 기타,안전운전불이행,포장 - 건조,맑음,단일로 - 기타,승합,남,64세,상해없음,보행자,남,44세,중상
2018041300100139,2018년 4월 13일 08시,금요일,인천광역시 남동구 도림동,중상사고,0,1,0,0,차대사람 - 차도통행중,안전운전불이행,포장 - 건조,맑음,단일로 - 기타,승용,남,34세,상해없음,보행자,여,14세,중상
2018041300100235,2018년 4월 13일 11시,금요일,인천광역시 남동구 구월동,경상사고,0,0,1,0,차대사람 - 기타,안전운전불이행,포장 - 건조,맑음,기타 - 기타,기타불명,기타불명,미분류,기타불명,보행자,여,64세,경상
2018041300100400,2018년 4월 13일 16시,금요일,인천광역시 미추홀구 학익동,경상사고,0,0,1,0,차대사람 - 길가장자리구역통행중,안전운전불이행,포장 - 건조,맑음,단일로 - 기타,승용,남,57세,상해없음,보행자,여,47세,경상
2018041300100659,2018년 4월 13일 23시,금요일,인천광역시 계양구 작전동,중상사고,0,1,0,0,차대사람 - 기타,안전운전불이행,포장 - 건조,맑음,단일로 - 기타,승합,남,53세,상해없음,보행자,여,43세,중상
2018041400100159,2018년 4월 14일 08시,토요일,인천광역시 남동구 논현동,경상사고,0,0,1,0,차대사람 - 횡단중,보행자보호의무위반,포장 - 젖음/습기,비,교차로 - 교차로횡단보도내,화물,남,56세,상해없음,보행자,남,34세,경상
2018041400100213,2018년 4월 14일 10시,토요일,인천광역시 연수구 옥련동,경상사고,0,0,1,0,차대사람 - 횡단중,안전운전불이행,포장 - 건조,맑음,단일로 - 기타,승용,여,68세,상해없음,보행자,남,54세,경상
2018041400100318,2018년 4월 14일 13시,토요일,인천광역시 미추홀구 관교동,경상사고,0,0,1,0,차대사람 - 횡단중,보행자보호의무위반,포장 - 건조,맑음,교차로 - 교차로횡단보도내,기타불명,기타불명,미분류,기타불명,보행자,여,19세,경상
2018041400100376,2018년 4월 14일 15시,토요일,인천광역시 부평구 부평동,경상사고,0,0,1,0,차대사람 - 횡단중,안전운전불이행,포장 - 건조,맑음,교차로 - 교차로부근,이륜,남,32세,상해없음,보행자,남,70세,경상
2018041400100415,2018년 4월 14일 16시,토요일,인천광역시 미추홀구 숭의동,부상신고사고,0,0,0,1,차대사람 - 길가장자리구역통행중,안전운전불이행,포장 - 건조,맑음,교차로 - 교차로부근,화물,남,56세,기타불명,보행자,남,60세,부상신고
2018041400100464,2018년 4월 14일 18시,토요일,인천광역시 계양구 계산동,경상사고,0,0,1,0,차대사람 - 기타,안전운전불이행,포장 - 건조,맑음,교차로 - 교차로부근,승용,남,26세,상해없음,보행자,남,70세,경상
2018041400100555,2018년 4월 14일 22시,토요일,인천광역시 남동구 간석동,경상사고,0,0,1,0,차대사람 - 기타,안전운전불이행,포장 - 건조,맑음,단일로 - 기타,승용,남,49세,상해없음,보행자,남,60세,경상
2018041400100557,2018년 4월 14일 22시,토요일,인천광역시 계양구 효성동,경상사고,0,0,1,0,차대사람 - 횡단중,보행자보호의무위반,포장 - 건조,맑음,교차로 - 교차로안,승용,남,59세,상해없음,보행자,여,64세,경상
2018041400100581,2018년 4월 14일 23시,토요일,인천광역시 남동구 구월동,경상사고,0,0,1,0,차대사람 - 기타,안전운전불이행,포장 - 건조,맑음,단일로 - 기타,승용,남,42세,상해없음,보행자,남,43세,경상
2018041500100014,2018년 4월 15일 00시,일요일,인천광역시 남동구 간석동,경상사고,0,0,1,0,차대사람 - 기타,안전운전불이행,포장 - 건조,맑음,기타 - 기타,승합,남,35세,상해없음,보행자,남,62세,경상
2018041500100215,2018년 4월 15일 13시,일요일,인천광역시 서구 석남동,경상사고,0,0,1,0,차대사람 - 기타,안전운전불이행,포장 - 건조,맑음,교차로 - 교차로안,승용,남,57세,상해없음,보행자,여,44세,경상
2018041500100256,2018년 4월 15일 14시,일요일,인천광역시 계양구 작전동,경상사고,0,0,1,0,차대사람 - 길가장자리구역통행중,안전운전불이행,포장 - 건조,맑음,단일로 - 기타,승용,남,80세,상해없음,보행자,남,61세,경상
2018041500100470,2018년 4월 15일 21시,일요일,인천광역시 남동구 구월동,부상신고사고,0,0,0,1,차대사람 - 길가장자리구역통행중,안전운전불이행,포장 - 건조,맑음,단일로 - 기타,승용,여,54세,상해없음,보행자,남,20세,부상신고
2018041600100144,2018년 4월 16일 08시,월요일,인천광역시 중구 중산동,경상사고,0,0,1,0,차대사람 - 횡단중,보행자보호의무위반,포장 - 건조,맑음,교차로 - 교차로안,화물,남,61세,상해없음,보행자,남,9세,경상
2018041600100145,2018년 4월 16일 08시,월요일,인천광역시 동구 송현동,경상사고,0,0,1,0,차대사람 - 보도통행중,보행자보호의무위반,포장 - 건조,맑음,교차로 - 교차로횡단보도내,승용,남,60세,상해없음,보행자,남,72세,경상
2018041600100146,2018년 4월 16일 08시,월요일,인천광역시 남동구 구월동,중상사고,0,1,0,0,차대사람 - 횡단중,안전운전불이행,포장 - 건조,맑음,기타 - 기타,승용,남,63세,상해없음,보행자,여,63세,중상
2018041600100234,2018년 4월 16일 11시,월요일,인천광역시 남동구 구월동,경상사고,0,0,1,0,차대사람 - 횡단중,보행자보호의무위반,포장 - 건조,맑음,교차로 - 교차로횡단보도내,승용,남,32세,기타불명,보행자,여,23세,경상
2018041600100326,2018년 4월 16일 14시,월요일,인천광역시 중구 도원동,중상사고,0,1,0,0,차대사람 - 횡단중,안전운전불이행,포장 - 건조,맑음,교차로 - 교차로안,승용,남,22세,상해없음,보행자,여,67세,중상
2018041600100513,2018년 4월 16일 19시,월요일,인천광역시 계양구 병방동,경상사고,0,0,1,0,차대사람 - 기타,안전운전불이행,포장 - 건조,맑음,교차로 - 교차로부근,승합,남,61세,상해없음,보행자,여,60세,경상
2018041600100594,2018년 4월 16일 22시,월요일,인천광역시 남동구 논현동,경상사고,0,0,1,0,차대사람 - 기타,안전운전불이행,포장 - 건조,맑음,교차로 - 교차로횡단보도내,승용,남,32세,상해없음,보행자,여,28세,경상
2018041700100126,2018년 4월 17일 08시,화요일,인천광역시 미추홀구 주안동,중상사고,0,1,0,0,차대사람 - 횡단중,보행자보호의무위반,포장 - 건조,맑음,교차로 - 교차로횡단보도내,승용,남,43세,상해없음,보행자,여,68세,중상
2018041700100165,2018년 4월 17일 09시,화요일,인천광역시 남동구 논현동,경상사고,0,0,1,0,차대사람 - 횡단중,보행자보호의무위반,포장 - 건조,맑음,교차로 - 교차로안,승합,남,62세,상해없음,보행자,여,68세,경상
2018041700100472,2018년 4월 17일 18시,화요일,인천광역시 미추홀구 용현동,중상사고,0,1,0,0,차대사람 - 횡단중,보행자보호의무위반,포장 - 건조,맑음,교차로 - 교차로횡단보도내,승용,남,43세,상해없음,보행자,여,63세,중상