사고번호,사고일시,요일,시군구,사고내용,사망자수,중상자수,경상자수,부상신고자수,사고유형,법규위반,노면상태,기상상태,도로형태,가해운전자 차종,가해운전자 성별,가해운전자 연령,가해운전자 상해정도,피해운전자 차종,피해운전자 성별,피해운전자 연령,피해운전자 상해정도
2018041700100537,2018년 4월 17일 20시,화요일,인천광역시 강화군 길상면,중상사고,0,1,0,0,차대사람 - 횡단중,안전운전불이행,포장 - 기타,안개,단일로 - 기타,승용,여,63세,상해없음,보행자,여,82세,중상
2018041700100538,2018년 4월 17일 20시,화요일,인천광역시 남동구 서창동,중상사고,0,1,0,0,차대사람 - 차도통행중,안전운전불이행,포장 - 건조,맑음,단일로 - 기타,원동기,남,50세,상해없음,보행자,여,68세,중상
2018041800100141,2018년 4월 18일 08시,수요일,인천광역시 연수구 연수동,경상사고,0,0,1,0,차대사람 - 기타,안전운전불이행,포장 - 건조,맑음,기타 - 기타,자전거,여,20세,상해없음,보행자,여,60세,경상
2018041800100351,2018년 4월 18일 15시,수요일,인천광역시 부평구 산곡동,부상신고사고,0,0,0,1,차대사람 - 기타,안전운전불이행,포장 - 건조,맑음,단일로 - 기타,기타불명,기타불명,미분류,기타불명,보행자,남,11세,부상신고
2018041800100441,2018년 4월 18일 17시,수요일,인천광역시 미추홀구 관교동,경상사고,0,0,1,0,차대사람 - 기타,안전운전불이행,포장 - 건조,맑음,단일로 - 기타,승합,남,69세,상해없음,보행자,여,56세,경상
2018041800100442,2018년 4월 18일 17시,수요일,인천광역시 미추홀구 주안동,경상사고,0,0,1,0,차대사람 - 횡단중,안전운전불이행,포장 - 건조,맑음,기타 - 기타,승용,여,34세,상해없음,보행자,여,10세,경상
2018041800100578,2018년 4월 18일 21시,수요일,인천광역시 부평구 갈산동,사망사고,1,0,0,0,차대사람 - 횡단중,보행자보호의무위반,포장 - 건조,맑음,교차로 - 교차로안,승합,남,63세,상해없음,보행자,남,43세,사망
2018041900100139,2018년 4월 19일 08시,목요일,인천광역시 서구 마전동,경상사고,0,0,1,0,차대사람 - 기타,안전운전불이행,포장 - 건조,맑음,기타 - 기타,화물,여,42세,상해없음,보행자,남,48세,경상
2018041900100345,2018년 4월 19일 15시,목요일,인천광역시 남동구 구월동,경상사고,0,0,2,0,차대사람 - 횡단중,안전운전불이행,포장 - 건조,맑음,교차로 - 교차로횡단보도내,자전거,남,14세,경상,보행자,여,13세,경상
2018041900100483,2018년 4월 19일 18시,목요일,인천광역시 계양구 작전동,경상사고,0,0,1,0,차대사람 - 차도통행중,안전운전불이행,포장 - 건조,맑음,교차로 - 교차로안,화물,남,58세,상해없음,보행자,남,49세,경상
2018042000100284,2018년 4월 20일 13시,금요일,인천광역시 계양구 계산동,중상사고,0,1,0,0,차대사람 - 기타,안전운전불이행,포장 - 건조,맑음,교차로 - 교차로부근,승용,여,43세,상해없음,보행자,남,55세,중상
2018042000100624,2018년 4월 20일 21시,금요일,인천광역시 서구 왕길동,중상사고,0,1,0,0,차대사람 - 보도통행중,보행자보호의무위반,포장 - 건조,맑음,교차로 - 교차로횡단보도내,승합,남,55세,상해없음,보행자,여,3세,중상
2018042100100644,2018년 4월 21일 21시,토요일,인천광역시 부평구 청천동,경상사고,0,0,1,0,차대사람 - 기타,안전운전불이행,포장 - 건조,맑음,단일로 - 기타,승합,남,58세,상해없음,보행자,여,62세,경상
2018042200100341,2018년 4월 22일 18시,일요일,인천광역시 남동구 간석동,경상사고,0,0,1,0,차대사람 - 기타,안전운전불이행,포장 - 젖음/습기,비,기타 - 기타,승용,남,49세,상해없음,보행자,여,44세,경상
2018042200100372,2018년 4월 22일 19시,일요일,인천광역시 부평구 부개동,사망사고,1,0,0,0,차대사람 - 횡단중,안전운전불이행,포장 - 젖음/습기,비,단일로 - 기타,승합,남,48세,상해없음,보행자,남,56세,사망
2018042200100412,2018년 4월 22일 20시,일요일,인천광역시 미추홀구 도화동,중상사고,0,1,0,0,차대사람 - 횡단중,신호위반,포장 - 젖음/습기,비,교차로 - 교차로안,승용,남,49세,상해없음,보행자,여,20세,중상
2018042200100413,2018년 4월 22일 20시,일요일,인천광역시 남동구 간석동,경상사고,0,0,1,0,차대사람 - 보도통행중,보행자보호의무위반,포장 - 젖음/습기,비,교차로 - 교차로횡단보도내,화물,남,68세,상해없음,보행자,남,19세,경상
2018042200100448,2018년 4월 22일 21시,일요일,인천광역시 중구 사동,중상사고,0,1,0,0,차대사람 - 보도통행중,안전운전불이행,포장 - 젖음/습기,맑음,단일로 - 기타,승용,남,39세,상해없음,보행자,남,39세,중상
2018042300100180,2018년 4월 23일 09시,월요일,인천광역시 서구 심곡동,중상사고,0,1,0,0,차대사람 - 횡단중,안전운전불이행,포장 - 젖음/습기,비,교차로 - 교차로안,승용,남,58세,상해없음,보행자,여,85세,중상
2018042300100181,2018년 4월 23일 09시,월요일,인천광역시 부평구 삼산동,중상사고,0,1,0,0,차대사람 - 횡단중,신호위반,포장 - 젖음/습기,비,단일로 - 기타,승용,남,59세,상해없음,보행자,여,66세,중상
2018042300100233,2018년 4월 23일 11시,월요일,인천광역시 연수구 연수동,중상사고,0,1,0,0,차대사람 - 횡단중,안전운전불이행,포장 - 젖음/습기,흐림,단일로 - 기타,승용,여,25세,상해없음,보행자,남,82세,중상
2018042300100321,2018년 4월 23일 14시,월요일,인천광역시 서구 가정동,경상사고,0,0,1,0,차대사람 - 횡단중,안전운전불이행,포장 - 젖음/습기,비,교차로 - 교차로부근,기타불명,기타불명,미분류,기타불명,보행자,남,13세,경상
2018042300100565,2018년 4월 23일 21시,월요일,인천광역시 미추홀구 도화동,중상사고,0,1,1,0,차대사람 - 횡단중,신호위반,포장 - 젖음/습기,비,교차로 - 교차로부근,승용,남,28세,상해없음,보행자,여,31세,경상
2018042300100601,2018년 4월 23일 22시,월요일,인천광역시 연수구 송도동,중상사고,0,1,0,0,차대사람 - 횡단중,안전운전불이행,포장 - 젖음/습기,비,교차로 - 교차로안,승용,남,42세,상해없음,보행자,남,49세,중상
2018042400100135,2018년 4월 24일 08시,화요일,인천광역시 서구 당하동,경상사고,0,0,1,0,차대사람 - 횡단중,신호위반,포장 - 건조,맑음,교차로 - 교차로부근,승용,남,42세,상해없음,보행자,남,9세,경상
2018042400100209,2018년 4월 24일 10시,화요일,인천광역시 연수구 옥련동,경상사고,0,0,1,0,차대사람 - 기타,안전운전불이행,포장 - 건조,맑음,단일로 - 기타,승용,남,54세,상해없음,보행자,여,49세,경상
2018042400100324,2018년 4월 24일 14시,화요일,인천광역시 연수구 연수동,경상사고,0,0,1,0,차대사람 - 횡단중,기타,포장 - 건조,흐림,단일로 - 기타,승용,남,27세,상해없음,보행자,남,8세,경상
2018042500100118,2018년 4월 25일 08시,수요일,인천광역시 연수구 송도동,경상사고,0,0,1,0,차대사람 - 기타,보행자보호의무위반,포장 - 건조,맑음,교차로 - 교차로횡단보도내,승용,여,42세,상해없음,보행자,남,9세,경상
2018042500100283,2018년 4월 25일 13시,수요일,인천광역시 남동구 만수동,중상사고,0,1,0,0,차대사람 - 횡단중,안전운전불이행,포장 - 건조,맑음,단일로 - 기타,승용,여,30세,상해없음,보행자,남,78세,중상
2018042500100320,2018년 4월 25일 14시,수요일,인천광역시 부평구 부평동,경상사고,0,0,1,0,차대사람 - 기타,안전운전불이행,포장 - 건조,맑음,미분류 - 미분류,승용,여,52세,상해없음,보행자,남,63세,경상
2018042500100440,2018년 4월 25일 17시,수요일,인천광역시 계양구 귤현동,경상사고,0,0,1,0,차대사람 - 횡단중,신호위반,포장 - 건조,맑음,교차로 - 교차로부근,승용,여,49세,상해없음,보행자,남,11세,경상
2018042500100589,2018년 4월 25일 22시,수요일,인천광역시 미추홀구 문학동,중상사고,0,1,0,0,차대사람 - 횡단중,신호위반,포장 - 건조,맑음,교차로 - 교차로부근,승용,여,52세,상해없음,보행자,남,32세,중상
2018042600100036,2018년 4월 26일 03시,목요일,인천광역시 부평구 부평동,중상사고,0,1,0,0,차대사람 - 횡단중,안전운전불이행,포장 - 건조,맑음,교차로 - 교차로횡단보도내,승용,남,38세,상해없음,보행자,남,64세,중상
2018042600100508,2018년 4월 26일 20시,목요일,인천광역시 서구 심곡동,경상사고,0,0,1,0,차대사람 - 길가장자리구역통행중,안전운전불이행,포장 - 건조,맑음,단일로 - 기타,승용,남,49세,기타불명,보행자,여,18세,경상
2018042700100057,2018년 4월 27일 05시,금요일,인천광역시 계양구 계산동,경상사고,0,0,1,0,차대사람 - 횡단중,보행자보호의무위반,포장 - 건조,맑음,교차로 - 교차로부근,승용,여,21세,상해없음,보행자,남,35세,경상
2018042700100162,2018년 4월 27일 09시,금요일,인천광역시 부평구 부평동,경상사고,0,0,1,0,차대사람 - 기타,보행자보호의무위반,포장 - 건조,맑음,교차로 - 교차로부근,승용,남,34세,상해없음,보행자,여,27세,경상
2018042700100236,2018년 4월 27일 12시,금요일,인천광역시 미추홀구 용현동,부상신고사고,0,0,0,1,차대사람 - 길가장자리구역통행중,안전운전불이행,포장 - 건조,맑음,단일로 - 기타,승용,남,31세,상해없음,보행자,남,54세,부상신고
2018042700100305,2018년 4월 27일 14시,금요일,인천광역시 옹진군 영흥면,중상사고,0,1,0,0,차대사람 - 기타,안전거리미확보,포장 - 건조,맑음,단일로 - 기타,승용,여,47세,상해없음,보행자,여,75세,중상
2018042700100342,2018년 4월 27일 15시,금요일,인천광역시 중구 도원동,경상사고,0,0,1,0,차대사람 - 기타,안전운전불이행,포장 - 건조,맑음,단일로 - 기타,승용,남,66세,상해없음,보행자,여,60세,경상
2018042700100430,2018년 4월 27일 17시,금요일,인천광역시 강화군 강화읍,경상사고,0,0,1,0,차대사람 - 기타,안전운전불이행,포장 - 건조,맑음,기타 - 기타,승용,남,24세,상해없음,보행자,남,20세,경상
2018042700100526,2018년 4월 27일 19시,금요일,인천광역시 서구 연희동,경상사고,0,0,1,0,차대사람 - 기타,안전운전불이행,포장 - 건조,맑음,단일로 - 기타,자전거,남,11세,상해없음,보행자,여,1세,경상
2018042800100230,2018년 4월 28일 10시,토요일,인천광역시 연수구 송도동,경상사고,0,0,1,0,차대사람 - 횡단중,보행자보호의무위반,포장 - 건조,맑음,교차로 - 교차로안,승용,여,44세,상해없음,보행자,여,29세,경상
2018042800100270,2018년 4월 28일 11시,토요일,인천광역시 남동구 간석동,경상사고,0,0,1,0,차대사람 - 기타,안전운전불이행,포장 - 건조,맑음,기타 - 기타,승용,남,36세,상해없음,보행자,남,50세,경상
2018042800100387,2018년 4월 28일 14시,토요일,인천광역시 서구 가좌동,중상사고,0,1,0,0,차대사람 - 기타,안전운전불이행,포장 - 건조,맑음,단일로 - 기타,승용,남,20세,상해없음,보행자,여,49세,중상
2018042900100096,2018년 4월 29일 07시,일요일,인천광역시 계양구 계산동,경상사고,0,0,1,0,차대사람 - 보도통행중,신호위반,포장 - 건조,맑음,교차로 - 교차로횡단보도내,승용,남,58세,상해없음,보행자,여,56세,경상
2018042900100156,2018년 4월 29일 10시,일요일,인천광역시 계양구 작전동,중상사고,0,1,0,0,차대사람 - 횡단중,보행자보호의무위반,포장 - 건조,맑음,교차로 - 교차로부근,승용,여,46세,상해없음,보행자,여,77세,중상
2018042900100365,2018년 4월 29일 16시,일요일,인천광역시 서구 가좌동,경상사고,0,0,1,0,차대사람 - 차도통행중,안전운전불이행,포장 - 건조,맑음,교차로 - 교차로부근,승용,여,42세,상해없음,보행자,남,75세,경상
2018042900100401,2018년 4월 29일 17시,일요일,인천광역시 부평구 부평동,중상사고,0,1,0,0,차대사람 - 차도통행중,안전운전불이행,포장 - 건조,맑음,단일로 - 기타,이륜,남,64세,상해없음,보행자,남,29세,중상
2018042900100498,2018년 4월 29일 20시,일요일,인천광역시 강화군 길상면,중상사고,0,1,0,0,차대사람 - 횡단중,기타,포장 - 건조,맑음,교차로 - 교차로부근,승용,남,38세,상해없음,보행자,여,70세,중상
2018043000100086,2018년 4월 30일 07시,월요일,인천광역시 부평구 십정동,중상사고,0,1,0,0,차대사람 - 기타,안전운전불이행,포장 - 건조,맑음,단일로 - 기타,이륜,여,55세,상해없음,보행자,남,18세,중상
2018043000100191,2018년 4월 30일 10시,월요일,인천광역시 미추홀구 주안동,중상사고,0,1,0,0,차대사람 - 횡단중,신호위반,포장 - 건조,맑음,교차로 - 교차로횡단보도내,승용,여,48세,상해없음,보행자,여,74세,중상
2018043000100193,2018년 4월 30일 10시,월요일,인천광역시 부평구 부평동,중상사고,0,1,0,0,차대사람 - 길가장자리구역통행중,안전운전불이행,포장 - 건조,맑음,단일로 - 기타,승용,남,65세,상해없음,보행자,여,61세,중상
2018043000100372,2018년 4월 30일 15시,월요일,인천광역시 미추홀구 주안동,경상사고,0,0,1,0,차대사람 - 길가장자리구역통행중,안전운전불이행,포장 - 건조,맑음,기타 - 기타,승용,여,57세,상해없음,보행자,여,42세,경상
2018043000100537,2018년 4월 30일 19시,월요일,인천광역시 동구 송현동,중상사고,0,1,0,0,차대사람 - 차도통행중,신호위반,포장 - 건조,맑음,단일로 - 기타,승합,남,62세,상해없음,보행자,남,64세,중상
2018043000100597,2018년 4월 30일 21시,월요일,인천광역시 서구 마전동,경상사고,0,0,1,0,차대사람 - 횡단중,안전운전불이행,포장 - 건조,맑음,교차로 - 교차로안,이륜,남,17세,상해없음,보행자,여,50세,경상
2018043000100625,2018년 4월 30일 22시,월요일,인천광역시 미추홀구 용현동,부상신고사고,0,0,0,1,차대사람 - 길가장자리구역통행중,안전운전불이행,포장 - 젖음/습기,비,교차로 - 교차로부근,승용,여,48세,상해없음,보행자,남,61세,부상신고
2018050100100101,2018년 5월 1일 07시,화요일,인천광역시 미추홀구 문학동,중상사고,0,1,0,0,차대사람 - 횡단중,보행자보호의무위반,포장 - 건조,맑음,교차로 - 교차로횡단보도내,화물,남,53세,상해없음,보행자,여,15세,중상
2018050100100356,2018년 5월 1일 16시,화요일,인천광역시 서구 가정동,경상사고,0,0,1,0,차대사람 - 길가장자리구역통행중,안전운전불이행,포장 - 건조,맑음,단일로 - 기타,승용,여,27세,상해없음,보행자,여,9세,경상
2018050200100348,2018년 5월 2일 14시,수요일,인천광역시 서구 연희동,경상사고,0,0,1,0,차대사람 - 보도통행중,안전운전불이행,포장 - 건조,맑음,기타 - 기타,승용,남,44세,기타불명,보행자,남,16세,경상
2018050200100350,2018년 5월 2일 14시,수요일,인천광역시 남동구 만수동,경상사고,0,0,1,0,차대사람 - 횡단중,보행자보호의무위반,포장 - 건조,맑음,단일로 - 기타,화물,남,36세,상해없음,보행자,남,9세,경상
2018050200100380,2018년 5월 2일 15시,수요일,인천광역시 중구 답동,부상신고사고,0,0,0,1,차대사람 - 횡단중,안전운전불이행,포장 - 건조,맑음,교차로 - 교차로부근,기타불명,기타불명,미분류,기타불명,보행자,남,14세,부상신고
2018050200100452,2018년 5월 2일 17시,수요일,인천광역시 서구 마전동,경상사고,0,0,1,0,차대사람 - 횡단중,신호위반,포장 - 젖음/습기,비,교차로 - 교차로안,승용,남,54세,상해없음,보행자,여,27세,경상
2018050300100241,2018년 5월 3일 11시,목요일,인천광역시 서구 가좌동,중상사고,0,1,0,0,차대사람 - 횡단중,보행자보호의무위반,포장 - 건조,맑음,교차로 - 교차로횡단보도내,화물,남,51세,상해없음,보행자,남,61세,중상
2018050300100377,2018년 5월 3일 15시,목요일,인천광역시 연수구 청학동,중상사고,0,1,0,0,차대사람 - 횡단중,보행자보호의무위반,포장 - 건조,맑음,교차로 - 교차로횡단보도내,승용,여,62세,상해없음,보행자,여,49세,중상
2018050300100571,2018년 5월 3일 20시,목요일,인천광역시 남동구 구월동,경상사고,0,0,1,0,차대사람 - 횡단중,보행자보호의무위반,포장 - 건조,맑음,교차로 - 교차로횡단보도내,승용,남,27세,상해없음,보행자,남,59세,경상
2018050300100654,2018년 5월 3일 23시,목요일,인천광역시 미추홀구 학익동,경상사고,0,0,1,0,차대사람 - 기타,안전운전불이행,포장 - 건조,맑음,교차로 - 교차로안,승용,남,67세,상해없음,보행자,여,71세,경상
2018050400100038,2018년 5월 4일 02시,금요일,인천광역시 연수구 청학동,경상사고,0,0,1,0,차대사람 - 횡단중,안전운전불이행,포장 - 건조,흐림,교차로 - 교차로안,승용,남,43세,상해없음,보행자,여,21세,경상
2018050400100248,2018년 5월 4일 12시,금요일,인천광역시 강화군 강화읍,중상사고,0,1,0,0,차대사람 - 기타,기타,포장 - 건조,맑음,기타 - 기타,원동기,남,42세,상해없음,보행자,여,77세,중상
2018050400100340,2018년 5월 4일 14시,금요일,인천광역시 계양구 작전동,중상사고,0,1,0,0,차대사람 - 기타,안전운전불이행,포장 - 건조,맑음,단일로 - 기타,승합,남,58세,상해없음,보행자,남,85세,중상
2018050400100486,2018년 5월 4일 17시,금요일,인천광역시 서구 가좌동,경상사고,0,0,1,0,차대사람 - 차도통행중,안전운전불이행,포장 - 건조,맑음,교차로 - 교차로안,승용,남,50세,상해없음,보행자,남,14세,경상
2018050400100487,2018년 5월 4일 17시,금요일,인천광역시 연수구 송도동,경상사고,0,0,1,0,차대사람 - 횡단중,신호위반,포장 - 건조,맑음,교차로 - 교차로횡단보도내,승용,남,46세,상해없음,보행자,여,7세,경상
2018050400100647,2018년 5월 4일 21시,금요일,인천광역시 계양구 목상동,중상사고,0,1,0,0,차대사람 - 차도통행중,안전운전불이행,포장 - 건조,맑음,단일로 - 기타,화물,남,23세,상해없음,보행자,여,90세 이상,중상
2018050400100711,2018년 5월 4일 23시,금요일,인천광역시 남동구 구월동,중상사고,0,1,0,0,차대사람 - 보도통행중,안전운전불이행,포장 - 건조,맑음,단일로 - 기타,승용,남,26세,상해없음,보행자,남,47세,중상
2018050500100025,2018년 5월 5일 00시,토요일,인천광역시 계양구 작전동,경상사고,0,0,1,0,차대사람 - 횡단중,보행자보호의무위반,포장 - 건조,맑음,교차로 - 교차로횡단보도내,이륜,남,17세,상해없음,보행자,남,33세,경상
2018050500100304,2018년 5월 5일 13시,토요일,인천광역시 계양구 계산동,경상사고,0,0,1,0,차대사람 - 기타,안전운전불이행,포장 - 건조,맑음,단일로 - 기타,화물,남,34세,상해없음,보행자,여,33세,경상
2018050500100472,2018년 5월 5일 17시,토요일,인천광역시 미추홀구 학익동,중상사고,0,1,0,0,차대사람 - 횡단중,보행자보호의무위반,포장 - 건조,맑음,교차로 - 교차로횡단보도내,승용,남,71세,상해없음,보행자,여,55세,중상
2018050500100593,2018년 5월 5일 21시,토요일,인천광역시 계양구 임학동,경상사고,0,0,1,0,차대사람 - 횡단중,신호위반,포장 - 건조,맑음,교차로 - 교차로횡단보도내,이륜,남,20세,상해없음,보행자,남,9세,경상
2018050600100137,2018년 5월 6일 09시,일요일,인천광역시 남동구 서창동,경상사고,0,0,1,0,차대사람 - 횡단중,안전운전불이행,포장 - 젖음/습기,비,교차로 - 교차로부근,화물,남,49세,상해없음,보행자,여,36세,경상
2018050600100292,2018년 5월 6일 16시,일요일,인천광역시 연수구 선학동,경상사고,0,0,1,0,차대사람 - 차도통행중,안전운전불이행,포장 - 건조,맑음,교차로 - 교차로부근,화물,남,43세,기타불명,보행자,여,25세,경상
2018050700100015,2018년 5월 7일 00시,월요일,인천광역시 남동구 구월동,부상신고사고,0,0,0,1,차대사람 - 길가장자리구역통행중,안전운전불이행,포장 - 기타,기타,단일로 - 기타,기타불명,기타불명,미분류,기타불명,보행자,남,26세,부상신고
2018050700100151,2018년 5월 7일 10시,월요일,인천광역시 강화군 강화읍,중상사고,0,1,0,0,차대사람 - 횡단중,기타,포장 - 건조,맑음,교차로 - 교차로부근,화물,남,62세,상해없음,보행자,남,78세,중상
2018050700100273,2018년 5월 7일 14시,월요일,인천광역시 미추홀구 관교동,부상신고사고,0,0,0,1,차대사람 - 차도통행중,안전운전불이행,포장 - 건조,맑음,단일로 - 기타,화물,남,52세,상해없음,보행자,남,미분류,부상신고
2018050700100274,2018년 5월 7일 14시,월요일,인천광역시 연수구 선학동,부상신고사고,0,0,0,1,차대사람 - 차도통행중,안전운전불이행,포장 - 건조,맑음,단일로 - 고가도로위,승용,남,37세,상해없음,보행자,남,23세,부상신고
2018050700100533,2018년 5월 7일 22시,월요일,인천광역시 부평구 부평동,중상사고,0,1,0,0,차대사람 - 차도통행중,안전운전불이행,포장 - 건조,맑음,단일로 - 기타,승용,남,20세,상해없음,보행자,남,27세,중상
2018050800100017,2018년 5월 8일 00시,화요일,인천광역시 서구 당하동,중상사고,0,2,0,0,차대사람 - 횡단중,안전운전불이행,포장 - 건조,맑음,교차로 - 교차로횡단보도내,승용,여,34세,상해없음,보행자,여,18세,중상
2018050800100149,2018년 5월 8일 09시,화요일,인천광역시 미추홀구 숭의동,중상사고,0,1,0,0,차대사람 - 횡단중,안전운전불이행,포장 - 건조,맑음,단일로 - 기타,승용,남,57세,상해없음,보행자,여,83세,중상
2018050800100345,2018년 5월 8일 15시,화요일,인천광역시 서구 가정동,중상사고,0,1,0,0,차대사람 - 횡단중,보행자보호의무위반,포장 - 건조,맑음,교차로 - 교차로안,화물,남,60세,상해없음,보행자,여,53세,중상
2018050800100346,2018년 5월 8일 15시,화요일,인천광역시 연수구 송도동,중상사고,0,1,0,0,차대사람 - 횡단중,안전운전불이행,포장 - 건조,맑음,교차로 - 교차로부근,승용,남,65세,상해없음,보행자,여,24세,중상
2018050800100439,2018년 5월 8일 17시,화요일,인천광역시 미추홀구 용현동,부상신고사고,0,0,0,1,차대사람 - 길가장자리구역통행중,안전운전불이행,포장 - 건조,맑음,단일로 - 기타,기타불명,기타불명,미분류,기타불명,보행자,남,72세,부상신고
2018050800100487,2018년 5월 8일 18시,화요일,인천광역시 미추홀구 문학동,중상사고,0,1,0,0,차대사람 - 길가장자리구역통행중,안전운전불이행,포장 - 건조,맑음,교차로 - 교차로부근,화물,남,23세,상해없음,보행자,남,6세,중상
2018050800100553,2018년 5월 8일 20시,화요일,인천광역시 서구 가좌동,경상사고,0,0,1,0,차대사람 - 기타,안전운전불이행,포장 - 건조,맑음,기타 - 기타,승용,남,44세,상해없음,보행자,남,58세,경상
2018050900100009,2018년 5월 9일 00시,수요일,인천광역시 미추홀구 주안동,부상신고사고,0,0,0,1,차대사람 - 보도통행중,안전운전불이행,포장 - 건조,맑음,기타 - 기타,기타불명,기타불명,미분류,기타불명,보행자,남,64세,부상신고
2018050900100019,2018년 5월 9일 01시,수요일,인천광역시 부평구 산곡동,중상사고,0,2,0,0,차대사람 - 기타,안전운전불이행,포장 - 건조,기타,단일로 - 기타,승용,남,29세,중상,보행자,남,32세,중상
2018050900100072,2018년 5월 9일 07시,수요일,인천광역시 계양구 병방동,경상사고,0,0,1,0,차대사람 - 기타,안전운전불이행,포장 - 건조,맑음,교차로 - 교차로부근,승용,여,34세,상해없음,보행자,여,77세,경상
2018050900100130,2018년 5월 9일 08시,수요일,인천광역시 미추홀구 주안동,경상사고,0,0,1,0,차대사람 - 보도통행중,보행자보호의무위반,포장 - 건조,맑음,기타 - 기타,승용,남,32세,상해없음,보행자,남,8세,경상
2018050900100131,2018년 5월 9일 08시,수요일,인천광역시 부평구 부평동,중상사고,0,1,0,0,차대사람 - 기타,기타,포장 - 건조,맑음,기타 - 기타,화물,남,64세,상해없음,보행자,남,13세,중상
2018050900100166,2018년 5월 9일 09시,수요일,인천광역시 연수구 청학동,중상사고,0,1,0,0,차대사람 - 횡단중,안전운전불이행,포장 - 건조,맑음,단일로 - 기타,승용,남,20세,상해없음,보행자,여,79세,중상
2018050900100397,2018년 5월 9일 16시,수요일,인천광역시 미추홀구 관교동,중상사고,0,1,0,0,차대사람 - 차도통행중,안전운전불이행,포장 - 건조,맑음,교차로 - 교차로안,개인형이동수단(PM),남,34세,상해없음,보행자,여,67세,중상
2018050900100398,2018년 5월 9일 16시,수요일,인천광역시 서구 가좌동,경상사고,0,0,1,0,차대사람 - 횡단중,신호위반,포장 - 건조,맑음,교차로 - 교차로횡단보도내,승합,남,61세,상해없음,보행자,남,11세,경상
2018051000100275,2018년 5월 10일 12시,목요일,인천광역시 계양구 효성동,중상사고,0,1,0,0,차대사람 - 차도통행중,안전운전불이행,포장 - 건조,맑음,교차로 - 교차로부근,승용,여,56세,상해없음,보행자,여,78세,중상
2018051000100464,2018년 5월 10일 17시,목요일,인천광역시 부평구 십정동,경상사고,0,0,1,0,차대사람 - 기타,안전운전불이행,포장 - 건조,맑음,단일로 - 기타,승용,남,31세,상해없음,보행자,여,62세,경상
2018051000100465,2018년 5월 10일 17시,목요일,인천광역시 서구 석남동,경상사고,0,0,1,0,차대사람 - 기타,안전운전불이행,포장 - 건조,맑음,기타 - 기타,이륜,남,16세,상해없음,보행자,남,6세,경상
2018051000100466,2018년 5월 10일 17시,목요일,인천광역시 계양구 용종동,중상사고,0,1,0,0,차대사람 - 횡단중,보행자보호의무위반,포장 - 건조,맑음,단일로 - 기타,승용,여,55세,상해없음,보행자,여,37세,중상
2018051000100609,2018년 5월 10일 21시,목요일,인천광역시 연수구 송도동,중상사고,0,1,0,0,차대사람 - 횡단중,보행자보호의무위반,포장 - 건조,맑음,교차로 - 교차로횡단보도내,이륜,남,25세,상해없음,보행자,여,16세,중상
2018051100100050,2018년 5월 11일 05시,금요일,인천광역시 미추홀구 숭의동,경상사고,0,0,1,0,차대사람 - 횡단중,안전운전불이행,포장 - 건조,맑음,교차로 - 교차로횡단보도내,승용,여,65세,상해없음,보행자,남,76세,경상
2018051100100116,2018년 5월 11일 08시,금요일,인천광역시 남동구 만수동,경상사고,0,0,1,0,차대사람 - 기타,안전운전불이행,포장 - 건조,맑음,단일로 - 기타,승용,남,37세,상해없음,보행자,남,14세,경상
2018051100100117,2018년 5월 11일 08시,금요일,인천광역시 남동구 만수동,경상사고,0,0,1,0,차대사람 - 기타,안전운전불이행,포장 - 건조,맑음,기타 - 기타,승용,남,55세,상해없음,보행자,여,39세,경상
2018051100100333,2018년 5월 11일 14시,금요일,인천광역시 남동구 구월동,경상사고,0,0,1,0,차대사람 - 횡단중,안전운전불이행,포장 - 건조,맑음,교차로 - 교차로부근,승용,남,69세,상해없음,보행자,남,42세,경상
2018051100100416,2018년 5월 11일 16시,금요일,인천광역시 계양구 작전동,경상사고,0,0,1,0,차대사람 - 횡단중,신호위반,포장 - 건조,맑음,교차로 - 교차로횡단보도내,승용,남,28세,상해없음,보행자,남,10세,경상
2018051100100454,2018년 5월 11일 17시,금요일,인천광역시 동구 금곡동,경상사고,0,0,1,0,차대사람 - 횡단중,보행자보호의무위반,포장 - 건조,맑음,교차로 - 교차로횡단보도내,승용,남,63세,상해없음,보행자,남,50세,경상
2018051100100576,2018년 5월 11일 20시,금요일,인천광역시 부평구 부평동,경상사고,0,0,1,0,차대사람 - 기타,안전운전불이행,포장 - 건조,맑음,단일로 - 기타,승용,여,21세,상해없음,보행자,여,25세,경상
2018051100100577,2018년 5월 11일 20시,금요일,인천광역시 계양구 효성동,중상사고,0,1,0,1,차대사람 - 횡단중,안전운전불이행,포장 - 건조,흐림,교차로 - 교차로부근,화물,남,62세,상해없음,보행자,여,35세,중상
2018051100100640,2018년 5월 11일 22시,금요일,인천광역시 미추홀구 도화동,중상사고,0,1,0,0,차대사람 - 횡단중,안전운전불이행,포장 - 건조,맑음,교차로 - 교차로안,승용,남,59세,상해없음,보행자,남,54세,중상
2018051200100291,2018년 5월 12일 13시,토요일,인천광역시 강화군 양도면,경상사고,0,0,1,0,차대사람 - 길가장자리구역통행중,안전운전불이행,포장 - 건조,맑음,교차로 - 교차로안,승용,남,57세,상해없음,보행자,남,82세,경상
2018051200100292,2018년 5월 12일 13시,토요일,인천광역시 남동구 수산동,경상사고,0,0,1,0,차대사람 - 기타,안전운전불이행,포장 - 젖음/습기,비,교차로 - 교차로안,승용,여,58세,상해없음,보행자,여,32세,경상