사고번호,사고일시,요일,시군구,사고내용,사망자수,중상자수,경상자수,부상신고자수,사고유형,법규위반,노면상태,기상상태,도로형태,가해운전자 차종,가해운전자 성별,가해운전자 연령,가해운전자 상해정도,피해운전자 차종,피해운전자 성별,피해운전자 연령,피해운전자 상해정도
2018060200100688,2018년 6월 2일 22시,토요일,인천광역시 남동구 구월동,중상사고,0,1,1,0,차대사람 - 횡단중,안전운전불이행,포장 - 건조,맑음,단일로 - 기타,승용,남,25세,상해없음,보행자,여,16세,중상
2018060300100012,2018년 6월 3일 00시,일요일,인천광역시 계양구 임학동,경상사고,0,0,1,0,차대사람 - 기타,보행자보호의무위반,포장 - 건조,맑음,단일로 - 기타,이륜,남,25세,상해없음,보행자,남,57세,경상
2018060300100068,2018년 6월 3일 05시,일요일,인천광역시 남동구 간석동,경상사고,0,0,1,0,차대사람 - 기타,안전운전불이행,포장 - 건조,맑음,단일로 - 기타,승용,남,59세,상해없음,보행자,여,29세,경상
2018060300100105,2018년 6월 3일 08시,일요일,인천광역시 서구 가정동,경상사고,0,0,1,0,차대사람 - 길가장자리구역통행중,안전운전불이행,포장 - 건조,맑음,단일로 - 기타,승용,여,51세,상해없음,보행자,여,30세,경상
2018060400100192,2018년 6월 4일 09시,월요일,인천광역시 미추홀구 학익동,경상사고,0,0,1,0,차대사람 - 횡단중,보행자보호의무위반,포장 - 건조,맑음,단일로 - 기타,승용,남,54세,상해없음,보행자,여,19세,경상
2018060400100193,2018년 6월 4일 09시,월요일,인천광역시 계양구 작전동,중상사고,0,1,0,0,차대사람 - 횡단중,보행자보호의무위반,포장 - 건조,맑음,교차로 - 교차로횡단보도내,승용,여,27세,상해없음,보행자,여,69세,중상
2018060400100515,2018년 6월 4일 18시,월요일,인천광역시 미추홀구 관교동,경상사고,0,0,1,0,차대사람 - 횡단중,안전운전불이행,포장 - 건조,맑음,교차로 - 교차로횡단보도내,승용,남,58세,상해없음,보행자,여,24세,경상
2018060400100516,2018년 6월 4일 18시,월요일,인천광역시 계양구 효성동,중상사고,0,1,0,0,차대사람 - 횡단중,보행자보호의무위반,포장 - 건조,맑음,교차로 - 교차로안,승용,남,57세,상해없음,보행자,여,54세,중상
2018060500100135,2018년 6월 5일 08시,화요일,인천광역시 미추홀구 숭의동,중상사고,0,1,0,0,차대사람 - 차도통행중,안전운전불이행,포장 - 건조,맑음,단일로 - 기타,승용,여,50세,상해없음,보행자,여,81세,중상
2018060500100183,2018년 6월 5일 09시,화요일,인천광역시 서구 심곡동,경상사고,0,0,1,0,차대사람 - 길가장자리구역통행중,안전운전불이행,포장 - 건조,맑음,기타 - 기타,이륜,남,28세,상해없음,보행자,여,41세,경상
2018060500100375,2018년 6월 5일 15시,화요일,인천광역시 서구 가좌동,중상사고,0,1,0,0,차대사람 - 횡단중,보행자보호의무위반,포장 - 건조,맑음,단일로 - 기타,승용,남,44세,상해없음,보행자,여,46세,중상
2018060500100376,2018년 6월 5일 15시,화요일,인천광역시 계양구 서운동,중상사고,0,1,0,0,차대사람 - 횡단중,안전운전불이행,포장 - 건조,맑음,교차로 - 교차로부근,승용,여,49세,상해없음,보행자,여,10세,중상
2018060500100413,2018년 6월 5일 16시,화요일,인천광역시 동구 송림동,중상사고,0,1,0,0,차대사람 - 횡단중,신호위반,포장 - 건조,맑음,교차로 - 교차로횡단보도내,이륜,남,30세,상해없음,보행자,여,47세,중상
2018060500100469,2018년 6월 5일 17시,화요일,인천광역시 남동구 간석동,경상사고,0,0,1,0,차대사람 - 차도통행중,안전운전불이행,포장 - 건조,맑음,기타 - 기타,화물,남,43세,상해없음,보행자,여,87세,경상
2018060500100618,2018년 6월 5일 21시,화요일,인천광역시 부평구 삼산동,경상사고,0,0,1,0,차대사람 - 길가장자리구역통행중,안전운전불이행,포장 - 건조,맑음,기타 - 기타,기타불명,기타불명,미분류,기타불명,보행자,여,68세,경상
2018060500100675,2018년 6월 5일 23시,화요일,인천광역시 부평구 부개동,경상사고,0,0,1,0,차대사람 - 길가장자리구역통행중,기타,포장 - 건조,맑음,주차장 - 주차장,승용,남,47세,상해없음,보행자,여,22세,경상
2018060600100036,2018년 6월 6일 01시,수요일,인천광역시 남동구 간석동,중상사고,0,1,0,0,차대사람 - 기타,안전운전불이행,포장 - 건조,맑음,단일로 - 기타,승용,남,36세,상해없음,보행자,남,46세,중상
2018060600100063,2018년 6월 6일 03시,수요일,인천광역시 중구 을왕동,경상사고,0,0,1,0,차대사람 - 길가장자리구역통행중,안전운전불이행,포장 - 기타,흐림,단일로 - 기타,승용,남,30세,상해없음,보행자,남,26세,경상
2018060600100064,2018년 6월 6일 03시,수요일,인천광역시 서구 가정동,중상사고,0,1,0,0,차대사람 - 기타,안전운전불이행,포장 - 건조,맑음,교차로 - 교차로부근,승용,여,59세,상해없음,보행자,남,59세,중상
2018060600100430,2018년 6월 6일 17시,수요일,인천광역시 서구 불로동,중상사고,0,1,0,0,차대사람 - 횡단중,안전운전불이행,포장 - 건조,맑음,단일로 - 기타,승용,여,35세,상해없음,보행자,여,66세,중상
2018060600100541,2018년 6월 6일 21시,수요일,인천광역시 동구 송림동,부상신고사고,0,0,0,1,차대사람 - 횡단중,안전운전불이행,포장 - 건조,맑음,교차로 - 교차로횡단보도내,승용,남,21세,상해없음,보행자,여,3세,부상신고
2018060700100159,2018년 6월 7일 09시,목요일,인천광역시 남동구 고잔동,중상사고,0,1,0,0,차대사람 - 횡단중,보행자보호의무위반,포장 - 건조,맑음,교차로 - 교차로안,화물,남,30세,상해없음,보행자,남,71세,중상
2018060700100414,2018년 6월 7일 17시,목요일,인천광역시 동구 송림동,경상사고,0,0,1,0,차대사람 - 기타,안전운전불이행,포장 - 건조,맑음,단일로 - 기타,기타불명,기타불명,미분류,기타불명,보행자,남,16세,경상
2018060700100461,2018년 6월 7일 18시,목요일,인천광역시 부평구 부평동,경상사고,0,0,1,0,차대사람 - 기타,보행자보호의무위반,포장 - 건조,맑음,교차로 - 교차로부근,승용,남,52세,상해없음,보행자,남,9세,경상
2018060700100491,2018년 6월 7일 19시,목요일,인천광역시 동구 만석동,경상사고,0,0,1,0,차대사람 - 횡단중,신호위반,포장 - 건조,맑음,교차로 - 교차로횡단보도내,승용,여,47세,상해없음,보행자,여,7세,경상
2018060700100524,2018년 6월 7일 20시,목요일,인천광역시 서구 신현동,중상사고,0,1,0,0,차대사람 - 기타,기타,포장 - 건조,맑음,교차로 - 교차로부근,승용,남,76세,상해없음,보행자,남,50세,중상
2018060700100525,2018년 6월 7일 20시,목요일,인천광역시 서구 검암동,중상사고,0,1,0,0,차대사람 - 보도통행중,보행자보호의무위반,포장 - 건조,맑음,교차로 - 교차로횡단보도내,승용,남,38세,상해없음,보행자,여,43세,중상
2018060800100049,2018년 6월 8일 04시,금요일,인천광역시 서구 마전동,중상사고,0,1,0,0,차대사람 - 기타,안전운전불이행,포장 - 건조,맑음,단일로 - 기타,승용,남,38세,상해없음,보행자,남,33세,중상
2018060800100067,2018년 6월 8일 05시,금요일,인천광역시 계양구 계산동,경상사고,0,0,2,0,차대사람 - 기타,안전운전불이행,포장 - 건조,맑음,주차장 - 주차장,승합,남,46세,상해없음,보행자,남,17세,경상
2018060800100357,2018년 6월 8일 14시,금요일,인천광역시 미추홀구 주안동,부상신고사고,0,0,0,1,차대사람 - 기타,기타,포장 - 건조,맑음,단일로 - 기타,기타불명,기타불명,미분류,기타불명,보행자,남,25세,부상신고
2018060800100429,2018년 6월 8일 16시,금요일,인천광역시 동구 송림동,중상사고,0,1,0,0,차대사람 - 차도통행중,안전운전불이행,포장 - 건조,맑음,단일로 - 기타,승용,남,40세,상해없음,보행자,여,69세,중상
2018060800100543,2018년 6월 8일 18시,금요일,인천광역시 계양구 계산동,중상사고,0,1,0,0,차대사람 - 횡단중,보행자보호의무위반,포장 - 건조,맑음,교차로 - 교차로횡단보도내,화물,남,51세,상해없음,보행자,남,58세,중상
2018060800100580,2018년 6월 8일 19시,금요일,인천광역시 서구 석남동,경상사고,0,0,1,0,차대사람 - 기타,안전운전불이행,포장 - 건조,맑음,교차로 - 교차로부근,기타불명,남,55세,상해없음,보행자,남,24세,경상
2018060800100618,2018년 6월 8일 20시,금요일,인천광역시 연수구 송도동,중상사고,0,1,0,0,차대사람 - 횡단중,보행자보호의무위반,포장 - 건조,맑음,교차로 - 교차로횡단보도내,승용,여,68세,상해없음,보행자,여,38세,중상
2018060900100018,2018년 6월 9일 00시,토요일,인천광역시 부평구 삼산동,중상사고,0,1,0,0,차대사람 - 기타,안전운전불이행,포장 - 건조,맑음,단일로 - 기타,화물,남,72세,상해없음,보행자,남,26세,중상
2018060900100019,2018년 6월 9일 00시,토요일,인천광역시 부평구 부평동,경상사고,0,0,1,0,차대사람 - 차도통행중,안전운전불이행,포장 - 건조,맑음,교차로 - 교차로부근,승용,여,39세,상해없음,보행자,여,19세,경상
2018060900100188,2018년 6월 9일 10시,토요일,인천광역시 부평구 산곡동,중상사고,0,1,0,0,차대사람 - 기타,안전운전불이행,포장 - 건조,맑음,기타 - 기타,승용,여,31세,상해없음,보행자,남,61세,중상
2018060900100554,2018년 6월 9일 20시,토요일,인천광역시 남동구 논현동,경상사고,0,0,1,0,차대사람 - 차도통행중,안전운전불이행,포장 - 젖음/습기,비,단일로 - 기타,승용,남,39세,상해없음,보행자,남,42세,경상
2018061000100020,2018년 6월 10일 00시,일요일,인천광역시 미추홀구 관교동,중상사고,0,1,0,0,차대사람 - 횡단중,과속,포장 - 젖음/습기,비,단일로 - 기타,승용,남,54세,상해없음,보행자,여,20세,중상
2018061000100038,2018년 6월 10일 01시,일요일,인천광역시 부평구 부평동,중상사고,0,1,1,0,차대사람 - 기타,안전운전불이행,포장 - 젖음/습기,비,단일로 - 기타,승용,남,70세,상해없음,보행자,남,29세,중상
2018061000100054,2018년 6월 10일 02시,일요일,인천광역시 남동구 구월동,중상사고,0,1,0,0,차대사람 - 기타,안전운전불이행,포장 - 건조,맑음,교차로 - 교차로부근,승용,남,65세,상해없음,보행자,여,24세,중상
2018061000100228,2018년 6월 10일 13시,일요일,인천광역시 부평구 부평동,경상사고,0,0,1,0,차대사람 - 기타,안전운전불이행,포장 - 건조,맑음,단일로 - 기타,승용,남,30세,상해없음,보행자,여,22세,경상
2018061000100397,2018년 6월 10일 19시,일요일,인천광역시 남동구 간석동,중상사고,0,1,1,0,차대사람 - 횡단중,신호위반,포장 - 건조,맑음,교차로 - 교차로횡단보도내,자전거,남,16세,중상,보행자,남,16세,경상
2018061100100216,2018년 6월 11일 11시,월요일,인천광역시 계양구 계산동,중상사고,0,1,0,0,차대사람 - 횡단중,안전운전불이행,포장 - 건조,맑음,단일로 - 기타,승용,남,33세,상해없음,보행자,여,56세,중상
2018061100100317,2018년 6월 11일 14시,월요일,인천광역시 남동구 고잔동,중상사고,0,1,0,0,차대사람 - 횡단중,안전운전불이행,포장 - 건조,맑음,기타 - 기타,이륜,남,33세,상해없음,보행자,여,62세,중상
2018061100100427,2018년 6월 11일 17시,월요일,인천광역시 계양구 병방동,중상사고,0,1,0,0,차대사람 - 기타,안전운전불이행,포장 - 건조,맑음,기타 - 기타,승합,여,45세,상해없음,보행자,여,56세,중상
2018061100100532,2018년 6월 11일 20시,월요일,인천광역시 서구 불로동,중상사고,0,1,0,0,차대사람 - 보도통행중,보행자보호의무위반,포장 - 건조,맑음,교차로 - 교차로안,승용,남,61세,상해없음,보행자,여,70세,중상
2018061100100593,2018년 6월 11일 22시,월요일,인천광역시 부평구 부평동,경상사고,0,0,1,0,차대사람 - 횡단중,신호위반,포장 - 젖음/습기,비,교차로 - 교차로횡단보도내,이륜,남,16세,상해없음,보행자,남,43세,경상
2018061100100594,2018년 6월 11일 22시,월요일,인천광역시 부평구 삼산동,중상사고,0,1,0,0,차대사람 - 횡단중,신호위반,포장 - 젖음/습기,비,단일로 - 기타,승용,여,36세,상해없음,보행자,여,23세,중상
2018061100100623,2018년 6월 11일 23시,월요일,인천광역시 미추홀구 주안동,경상사고,0,0,1,0,차대사람 - 길가장자리구역통행중,안전운전불이행,포장 - 건조,맑음,기타 - 기타,승용,여,24세,상해없음,보행자,여,57세,경상
2018061200100015,2018년 6월 12일 00시,화요일,인천광역시 남동구 만수동,경상사고,0,0,1,0,차대사람 - 기타,안전운전불이행,포장 - 건조,맑음,교차로 - 교차로부근,승용,남,26세,상해없음,보행자,남,66세,경상
2018061200100056,2018년 6월 12일 06시,화요일,인천광역시 남동구 서창동,중상사고,0,1,0,0,차대사람 - 횡단중,안전운전불이행,포장 - 건조,맑음,교차로 - 교차로안,승용,남,41세,상해없음,보행자,여,45세,중상
2018061200100082,2018년 6월 12일 07시,화요일,인천광역시 계양구 계산동,중상사고,0,1,0,0,차대사람 - 차도통행중,기타,포장 - 건조,맑음,단일로 - 기타,승합,남,58세,상해없음,보행자,여,31세,중상
2018061200100362,2018년 6월 12일 15시,화요일,인천광역시 서구 마전동,경상사고,0,0,1,0,차대사람 - 횡단중,신호위반,포장 - 건조,맑음,교차로 - 교차로부근,승용,여,44세,상해없음,보행자,여,73세,경상
2018061200100449,2018년 6월 12일 17시,화요일,인천광역시 남동구 간석동,경상사고,0,0,1,0,차대사람 - 기타,안전운전불이행,포장 - 건조,맑음,단일로 - 기타,승용,남,57세,상해없음,보행자,남,63세,경상
2018061200100612,2018년 6월 12일 21시,화요일,인천광역시 남동구 만수동,중상사고,0,1,0,0,차대사람 - 기타,보행자보호의무위반,포장 - 건조,맑음,교차로 - 교차로부근,승용,남,31세,상해없음,보행자,남,8세,중상
2018061200100613,2018년 6월 12일 21시,화요일,인천광역시 서구 가정동,중상사고,0,1,0,0,차대사람 - 횡단중,신호위반,포장 - 건조,맑음,교차로 - 교차로부근,승용,여,22세,상해없음,보행자,남,60세,중상
2018061300100417,2018년 6월 13일 17시,수요일,인천광역시 서구 당하동,중상사고,0,1,0,0,차대사람 - 횡단중,안전운전불이행,포장 - 건조,맑음,단일로 - 기타,승용,남,52세,상해없음,보행자,여,75세,중상
2018061300100558,2018년 6월 13일 22시,수요일,인천광역시 남동구 간석동,경상사고,0,0,1,0,차대사람 - 기타,안전운전불이행,포장 - 건조,맑음,단일로 - 기타,승용,남,48세,상해없음,보행자,여,46세,경상
2018061400100044,2018년 6월 14일 05시,목요일,인천광역시 미추홀구 학익동,부상신고사고,0,0,0,1,차대사람 - 기타,안전운전불이행,포장 - 젖음/습기,맑음,단일로 - 기타,이륜,남,17세,상해없음,보행자,남,75세,부상신고
2018061400100448,2018년 6월 14일 17시,목요일,인천광역시 중구 운서동,중상사고,0,1,0,0,차대사람 - 기타,안전운전불이행,포장 - 건조,맑음,교차로 - 교차로안,승용,여,39세,상해없음,보행자,남,13세,중상
2018061400100533,2018년 6월 14일 19시,목요일,인천광역시 동구 송림동,경상사고,0,0,1,0,차대사람 - 기타,안전운전불이행,포장 - 건조,맑음,단일로 - 기타,승합,남,52세,상해없음,보행자,여,69세,경상
2018061400100569,2018년 6월 14일 20시,목요일,인천광역시 남동구 간석동,경상사고,0,0,1,0,차대사람 - 기타,안전운전불이행,포장 - 건조,맑음,기타 - 기타,승합,남,66세,상해없음,보행자,남,71세,경상
2018061500100062,2018년 6월 15일 06시,금요일,인천광역시 미추홀구 숭의동,중상사고,0,1,0,0,차대사람 - 횡단중,안전운전불이행,포장 - 건조,맑음,교차로 - 교차로부근,승용,남,54세,상해없음,보행자,여,78세,중상
2018061500100208,2018년 6월 15일 11시,금요일,인천광역시 서구 검암동,중상사고,0,1,0,0,차대사람 - 횡단중,보행자보호의무위반,포장 - 건조,맑음,교차로 - 교차로안,승용,여,60세,상해없음,보행자,남,77세,중상
2018061500100402,2018년 6월 15일 16시,금요일,인천광역시 부평구 십정동,중상사고,0,1,0,0,차대사람 - 기타,안전운전불이행,포장 - 건조,맑음,교차로 - 교차로부근,승용,남,36세,상해없음,보행자,여,70세,중상
2018061500100403,2018년 6월 15일 16시,금요일,인천광역시 부평구 부개동,중상사고,0,1,0,0,차대사람 - 기타,안전운전불이행,포장 - 건조,맑음,교차로 - 교차로안,승용,남,70세,상해없음,보행자,여,78세,중상
2018061500100544,2018년 6월 15일 19시,금요일,인천광역시 미추홀구 주안동,경상사고,0,0,1,0,차대사람 - 기타,보행자보호의무위반,포장 - 건조,맑음,교차로 - 교차로안,승용,남,44세,상해없음,보행자,남,4세,경상
2018061500100585,2018년 6월 15일 20시,금요일,인천광역시 미추홀구 주안동,경상사고,0,0,1,0,차대사람 - 길가장자리구역통행중,기타,포장 - 건조,맑음,단일로 - 기타,이륜,남,30세,상해없음,보행자,남,14세,경상
2018061600100029,2018년 6월 16일 01시,토요일,인천광역시 미추홀구 주안동,경상사고,0,0,1,0,차대사람 - 횡단중,보행자보호의무위반,포장 - 건조,맑음,교차로 - 교차로횡단보도내,승용,남,64세,상해없음,보행자,남,24세,경상
2018061600100105,2018년 6월 16일 07시,토요일,인천광역시 남동구 만수동,중상사고,0,1,1,0,차대사람 - 횡단중,신호위반,포장 - 건조,맑음,교차로 - 교차로안,화물,남,65세,상해없음,보행자,여,72세,경상
2018061600100144,2018년 6월 16일 09시,토요일,인천광역시 연수구 청학동,경상사고,0,0,1,0,차대사람 - 횡단중,안전운전불이행,포장 - 건조,맑음,단일로 - 기타,승용,남,30세,상해없음,보행자,남,9세,경상
2018061600100197,2018년 6월 16일 11시,토요일,인천광역시 계양구 병방동,경상사고,0,0,1,0,차대사람 - 보도통행중,기타,포장 - 건조,맑음,기타 - 기타,자전거,남,12세,상해없음,보행자,여,58세,경상
2018061600100476,2018년 6월 16일 18시,토요일,인천광역시 서구 가좌동,경상사고,0,0,1,0,차대사람 - 기타,안전운전불이행,포장 - 건조,맑음,교차로 - 교차로부근,승합,남,40세,기타불명,보행자,남,23세,경상
2018061700100032,2018년 6월 17일 01시,일요일,인천광역시 서구 마전동,중상사고,0,1,0,0,차대사람 - 횡단중,안전운전불이행,포장 - 건조,맑음,기타 - 기타,승합,남,49세,상해없음,보행자,남,53세,중상
2018061700100432,2018년 6월 17일 21시,일요일,인천광역시 중구 운서동,중상사고,0,1,0,0,차대사람 - 기타,안전운전불이행,포장 - 건조,맑음,단일로 - 고가도로위,승용,남,67세,상해없음,보행자,남,45세,중상
2018061700100456,2018년 6월 17일 22시,일요일,인천광역시 미추홀구 주안동,부상신고사고,0,0,0,1,차대사람 - 기타,안전운전불이행,포장 - 기타,기타,단일로 - 기타,기타불명,기타불명,미분류,기타불명,보행자,남,23세,부상신고
2018061700100470,2018년 6월 17일 23시,일요일,인천광역시 강화군 강화읍,중상사고,0,1,0,0,차대사람 - 횡단중,직진우회전진행방해,포장 - 건조,맑음,단일로 - 기타,승용,여,49세,상해없음,보행자,여,71세,중상
2018061800100169,2018년 6월 18일 09시,월요일,인천광역시 부평구 부평동,중상사고,0,1,0,0,차대사람 - 보도통행중,기타,포장 - 건조,맑음,기타 - 기타,화물,남,64세,상해없음,보행자,여,75세,중상
2018061800100170,2018년 6월 18일 09시,월요일,인천광역시 계양구 계산동,경상사고,0,0,1,0,차대사람 - 차도통행중,안전운전불이행,포장 - 건조,맑음,교차로 - 교차로안,승용,여,45세,상해없음,보행자,여,81세,경상
2018061800100307,2018년 6월 18일 13시,월요일,인천광역시 미추홀구 용현동,중상사고,0,1,0,0,차대사람 - 기타,안전운전불이행,포장 - 건조,맑음,교차로 - 교차로부근,승합,남,65세,상해없음,보행자,여,68세,중상
2018061800100373,2018년 6월 18일 15시,월요일,인천광역시 미추홀구 학익동,중상사고,0,1,0,0,차대사람 - 횡단중,안전운전불이행,포장 - 건조,맑음,교차로 - 교차로부근,승용,여,55세,상해없음,보행자,남,14세,중상
2018061800100469,2018년 6월 18일 17시,월요일,인천광역시 연수구 선학동,경상사고,0,0,1,0,차대사람 - 차도통행중,안전운전불이행,포장 - 건조,맑음,단일로 - 기타,화물,남,47세,상해없음,보행자,남,26세,경상
2018061800100566,2018년 6월 18일 19시,월요일,인천광역시 서구 연희동,경상사고,0,0,1,0,차대사람 - 보도통행중,기타,포장 - 건조,맑음,기타 - 기타,이륜,남,37세,상해없음,보행자,남,7세,경상
2018061800100604,2018년 6월 18일 20시,월요일,인천광역시 동구 금곡동,중상사고,0,1,0,0,차대사람 - 횡단중,보행자보호의무위반,포장 - 건조,맑음,교차로 - 교차로횡단보도내,승합,남,60세,상해없음,보행자,여,50세,중상
2018061800100606,2018년 6월 18일 20시,월요일,인천광역시 서구 석남동,경상사고,0,0,1,0,차대사람 - 기타,안전운전불이행,포장 - 건조,맑음,단일로 - 기타,승합,여,57세,상해없음,보행자,여,62세,경상
2018061900100217,2018년 6월 19일 11시,화요일,인천광역시 남동구 서창동,중상사고,0,1,0,0,차대사람 - 기타,안전운전불이행,포장 - 건조,맑음,단일로 - 기타,화물,남,59세,상해없음,보행자,남,64세,중상
2018061900100288,2018년 6월 19일 13시,화요일,인천광역시 중구 인현동,경상사고,0,0,1,0,차대사람 - 기타,기타,포장 - 건조,맑음,단일로 - 기타,승합,남,41세,상해없음,보행자,여,75세,경상
2018061900100387,2018년 6월 19일 16시,화요일,인천광역시 서구 원창동,중상사고,0,1,0,0,차대사람 - 차도통행중,안전운전불이행,포장 - 건조,맑음,단일로 - 기타,승용,여,43세,상해없음,보행자,남,75세,중상
2018061900100429,2018년 6월 19일 17시,화요일,인천광역시 남동구 논현동,중상사고,0,1,0,0,차대사람 - 횡단중,보행자보호의무위반,포장 - 건조,맑음,단일로 - 기타,자전거,여,26세,상해없음,보행자,여,59세,중상
2018061900100551,2018년 6월 19일 21시,화요일,인천광역시 부평구 부평동,경상사고,0,0,1,0,차대사람 - 기타,신호위반,포장 - 건조,맑음,단일로 - 기타,승용,여,30세,상해없음,보행자,여,17세,경상
2018062000100024,2018년 6월 20일 01시,수요일,인천광역시 부평구 삼산동,중상사고,0,1,0,0,차대사람 - 차도통행중,안전운전불이행,포장 - 건조,맑음,교차로 - 교차로부근,화물,남,56세,상해없음,보행자,남,56세,중상
2018062000100112,2018년 6월 20일 08시,수요일,인천광역시 남동구 간석동,중상사고,0,1,0,0,차대사람 - 기타,안전운전불이행,포장 - 건조,맑음,단일로 - 기타,승용,남,53세,상해없음,보행자,여,17세,중상
2018062000100143,2018년 6월 20일 09시,수요일,인천광역시 남동구 구월동,경상사고,0,0,1,0,차대사람 - 기타,안전운전불이행,포장 - 건조,맑음,기타 - 기타,승용,남,66세,상해없음,보행자,여,51세,경상
2018062000100367,2018년 6월 20일 16시,수요일,인천광역시 남동구 구월동,중상사고,0,1,0,0,차대사람 - 기타,안전운전불이행,포장 - 건조,맑음,단일로 - 기타,승용,여,49세,상해없음,보행자,남,35세,중상
2018062000100455,2018년 6월 20일 18시,수요일,인천광역시 부평구 부평동,경상사고,0,0,1,0,차대사람 - 횡단중,안전운전불이행,포장 - 건조,맑음,단일로 - 기타,승용,여,39세,상해없음,보행자,여,40세,경상
2018062000100456,2018년 6월 20일 18시,수요일,인천광역시 남동구 구월동,경상사고,0,0,1,0,차대사람 - 기타,안전운전불이행,포장 - 건조,맑음,단일로 - 기타,승용,남,52세,상해없음,보행자,남,65세,경상
2018062000100490,2018년 6월 20일 19시,수요일,인천광역시 미추홀구 주안동,경상사고,0,0,1,0,차대사람 - 기타,안전운전불이행,포장 - 건조,맑음,기타 - 기타,이륜,남,47세,상해없음,보행자,여,34세,경상
2018062000100491,2018년 6월 20일 19시,수요일,인천광역시 서구 마전동,경상사고,0,0,1,0,차대사람 - 횡단중,신호위반,포장 - 건조,맑음,교차로 - 교차로횡단보도내,승용,남,50세,상해없음,보행자,여,49세,경상
2018062100100128,2018년 6월 21일 08시,목요일,인천광역시 미추홀구 주안동,부상신고사고,0,0,0,1,차대사람 - 길가장자리구역통행중,안전운전불이행,포장 - 건조,맑음,기타 - 기타,승용,남,46세,기타불명,보행자,여,27세,부상신고
2018062100100226,2018년 6월 21일 11시,목요일,인천광역시 남동구 구월동,경상사고,0,0,1,0,차대사람 - 차도통행중,안전운전불이행,포장 - 건조,맑음,교차로 - 교차로안,승용,남,56세,상해없음,보행자,남,46세,경상
2018062100100304,2018년 6월 21일 14시,목요일,인천광역시 서구 심곡동,중상사고,0,1,0,0,차대사람 - 기타,안전운전불이행,포장 - 건조,맑음,기타 - 기타,화물,남,69세,상해없음,보행자,여,68세,중상
2018062100100384,2018년 6월 21일 16시,목요일,인천광역시 남동구 구월동,부상신고사고,0,0,0,1,차대사람 - 길가장자리구역통행중,안전운전불이행,포장 - 건조,맑음,교차로 - 교차로부근,승용,남,41세,상해없음,보행자,남,61세,부상신고
2018062200100078,2018년 6월 22일 06시,금요일,인천광역시 강화군 하점면,중상사고,0,1,0,0,차대사람 - 길가장자리구역통행중,안전운전불이행,포장 - 건조,맑음,단일로 - 기타,승용,남,51세,상해없음,보행자,여,74세,중상
2018062200100460,2018년 6월 22일 16시,금요일,인천광역시 미추홀구 문학동,경상사고,0,0,1,0,차대사람 - 길가장자리구역통행중,안전운전불이행,포장 - 건조,맑음,기타 - 기타,화물,남,49세,상해없음,보행자,남,48세,경상
2018062200100662,2018년 6월 22일 20시,금요일,인천광역시 부평구 삼산동,중상사고,0,1,0,0,차대사람 - 기타,안전운전불이행,포장 - 건조,맑음,교차로 - 교차로안,화물,남,47세,상해없음,보행자,남,56세,중상
2018062200100663,2018년 6월 22일 20시,금요일,인천광역시 남동구 만수동,중상사고,0,1,0,0,차대사람 - 횡단중,안전운전불이행,포장 - 건조,맑음,교차로 - 교차로안,이륜,남,19세,상해없음,보행자,여,70세,중상
2018062300100127,2018년 6월 23일 08시,토요일,인천광역시 남동구 고잔동,경상사고,0,0,1,0,차대사람 - 보도통행중,안전운전불이행,포장 - 건조,맑음,단일로 - 기타,자전거,남,26세,기타불명,보행자,남,81세,경상
2018062300100268,2018년 6월 23일 12시,토요일,인천광역시 미추홀구 용현동,중상사고,0,1,0,0,차대사람 - 횡단중,보행자보호의무위반,포장 - 건조,맑음,교차로 - 교차로횡단보도내,승용,남,32세,상해없음,보행자,남,57세,중상
2018062300100269,2018년 6월 23일 12시,토요일,인천광역시 미추홀구 주안동,부상신고사고,0,0,0,1,차대사람 - 기타,안전운전불이행,포장 - 건조,맑음,단일로 - 기타,승용,남,53세,상해없음,보행자,남,31세,부상신고
2018062300100349,2018년 6월 23일 14시,토요일,인천광역시 미추홀구 용현동,부상신고사고,0,0,0,1,차대사람 - 길가장자리구역통행중,안전운전불이행,포장 - 건조,맑음,단일로 - 기타,승용,남,50세,상해없음,보행자,남,64세,부상신고
2018062400100157,2018년 6월 24일 11시,일요일,인천광역시 미추홀구 주안동,부상신고사고,0,0,0,1,차대사람 - 기타,안전운전불이행,포장 - 건조,맑음,기타 - 기타,기타불명,기타불명,미분류,기타불명,보행자,남,20세,부상신고
2018062400100201,2018년 6월 24일 13시,일요일,인천광역시 서구 백석동,중상사고,0,1,0,0,차대사람 - 횡단중,안전운전불이행,포장 - 건조,맑음,교차로 - 교차로부근,건설기계,남,58세,상해없음,보행자,여,62세,중상
2018062400100260,2018년 6월 24일 15시,일요일,인천광역시 계양구 작전동,경상사고,0,0,1,0,차대사람 - 기타,안전운전불이행,포장 - 건조,맑음,단일로 - 기타,화물,여,67세,상해없음,보행자,남,12세,경상
2018062400100316,2018년 6월 24일 17시,일요일,인천광역시 남동구 간석동,중상사고,0,1,0,0,차대사람 - 보도통행중,안전운전불이행,포장 - 건조,맑음,단일로 - 기타,화물,남,47세,상해없음,보행자,남,61세,중상
2018062400100438,2018년 6월 24일 22시,일요일,인천광역시 미추홀구 학익동,부상신고사고,0,0,0,1,차대사람 - 기타,안전운전불이행,포장 - 건조,맑음,단일로 - 기타,승용,여,23세,상해없음,보행자,남,11세,부상신고