사고번호,사고일시,요일,시군구,사고내용,사망자수,중상자수,경상자수,부상신고자수,사고유형,법규위반,노면상태,기상상태,도로형태,가해운전자 차종,가해운전자 성별,가해운전자 연령,가해운전자 상해정도,피해운전자 차종,피해운전자 성별,피해운전자 연령,피해운전자 상해정도
2019012500100158,2019년 1월 25일 09시,금요일,인천광역시 계양구 효성동,경상사고,0,0,1,0,차대사람 - 횡단중,안전운전불이행,포장 - 건조,맑음,교차로 - 교차로안,승용,남,49세,상해없음,보행자,여,28세,경상
2019012500100302,2019년 1월 25일 14시,금요일,인천광역시 연수구 청학동,중상사고,0,1,0,0,차대사람 - 길가장자리구역통행중,안전운전불이행,포장 - 건조,맑음,교차로 - 교차로부근,승용,남,76세,상해없음,보행자,여,63세,중상
2019012600100206,2019년 1월 26일 11시,토요일,인천광역시 미추홀구 도화동,경상사고,0,0,1,0,차대사람 - 기타,안전운전불이행,포장 - 건조,맑음,단일로 - 기타,승용,여,44세,상해없음,보행자,남,55세,경상
2019012600100235,2019년 1월 26일 12시,토요일,인천광역시 연수구 동춘동,중상사고,0,1,0,0,차대사람 - 횡단중,보행자보호의무위반,포장 - 건조,맑음,교차로 - 교차로안,승용,남,63세,상해없음,보행자,여,63세,중상
2019012600100382,2019년 1월 26일 16시,토요일,인천광역시 계양구 작전동,경상사고,0,0,1,0,차대사람 - 길가장자리구역통행중,안전운전불이행,포장 - 건조,맑음,단일로 - 기타,승용,남,41세,상해없음,보행자,여,22세,경상
2019012600100490,2019년 1월 26일 19시,토요일,인천광역시 부평구 부평동,중상사고,0,1,0,0,차대사람 - 길가장자리구역통행중,안전운전불이행,포장 - 건조,맑음,단일로 - 기타,승용,남,48세,상해없음,보행자,남,66세,중상
2019012600100491,2019년 1월 26일 19시,토요일,인천광역시 연수구 연수동,경상사고,0,0,1,0,차대사람 - 차도통행중,안전운전불이행,포장 - 건조,맑음,교차로 - 교차로안,승용,여,50세,상해없음,보행자,남,52세,경상
2019012600100517,2019년 1월 26일 20시,토요일,인천광역시 서구 석남동,중상사고,0,1,0,0,차대사람 - 횡단중,보행자보호의무위반,포장 - 건조,맑음,단일로 - 기타,승용,여,52세,상해없음,보행자,남,29세,중상
2019012700100062,2019년 1월 27일 04시,일요일,인천광역시 남동구 만수동,경상사고,0,0,1,0,차대사람 - 기타,안전운전불이행,포장 - 건조,맑음,교차로 - 교차로부근,승용,남,29세,상해없음,보행자,남,44세,경상
2019012700100082,2019년 1월 27일 07시,일요일,인천광역시 미추홀구 도화동,중상사고,0,1,0,0,차대사람 - 횡단중,신호위반,포장 - 건조,맑음,교차로 - 교차로횡단보도내,이륜,남,48세,상해없음,보행자,남,56세,중상
2019012700100218,2019년 1월 27일 14시,일요일,인천광역시 부평구 부평동,경상사고,0,0,1,0,차대사람 - 횡단중,안전운전불이행,포장 - 건조,맑음,단일로 - 기타,승합,남,39세,상해없음,보행자,남,43세,경상
2019012700100276,2019년 1월 27일 16시,일요일,인천광역시 남동구 구월동,경상사고,0,0,1,0,차대사람 - 횡단중,안전운전불이행,포장 - 건조,맑음,단일로 - 기타,승용,남,64세,상해없음,보행자,남,27세,경상
2019012700100368,2019년 1월 27일 20시,일요일,인천광역시 미추홀구 주안동,중상사고,0,1,0,0,차대사람 - 기타,안전운전불이행,포장 - 건조,맑음,단일로 - 기타,기타불명,기타불명,미분류,기타불명,보행자,남,61세,중상
2019012800100134,2019년 1월 28일 07시,월요일,인천광역시 연수구 옥련동,중상사고,0,1,0,0,차대사람 - 보도통행중,안전운전불이행,포장 - 건조,맑음,단일로 - 기타,승용,여,59세,상해없음,보행자,여,74세,중상
2019012800100180,2019년 1월 28일 08시,월요일,인천광역시 미추홀구 숭의동,부상신고사고,0,0,0,1,차대사람 - 길가장자리구역통행중,안전운전불이행,포장 - 건조,맑음,단일로 - 기타,승용,남,30세,상해없음,보행자,여,37세,부상신고
2019012800100483,2019년 1월 28일 16시,월요일,인천광역시 서구 심곡동,중상사고,0,1,0,0,차대사람 - 기타,안전운전불이행,포장 - 건조,맑음,교차로 - 교차로안,화물,남,23세,상해없음,보행자,여,90세 이상,중상
2019012800100515,2019년 1월 28일 17시,월요일,인천광역시 서구 가정동,경상사고,0,0,1,0,차대사람 - 횡단중,안전운전불이행,포장 - 건조,맑음,교차로 - 교차로부근,승용,남,47세,상해없음,보행자,남,11세,경상
2019012900100090,2019년 1월 29일 07시,화요일,인천광역시 서구 가좌동,중상사고,0,1,0,0,차대사람 - 횡단중,보행자보호의무위반,포장 - 건조,맑음,교차로 - 교차로횡단보도내,화물,남,62세,상해없음,보행자,여,80세,중상
2019012900100474,2019년 1월 29일 18시,화요일,인천광역시 미추홀구 용현동,중상사고,0,1,0,0,차대사람 - 보도통행중,기타,포장 - 건조,맑음,단일로 - 기타,승용,남,49세,상해없음,보행자,여,59세,중상
2019013000100041,2019년 1월 30일 02시,수요일,인천광역시 부평구 부평동,경상사고,0,0,1,0,차대사람 - 보도통행중,안전운전불이행,포장 - 건조,맑음,단일로 - 기타,승용,남,20세,상해없음,보행자,남,25세,경상
2019013000100224,2019년 1월 30일 12시,수요일,인천광역시 미추홀구 관교동,중상사고,0,1,0,0,차대사람 - 기타,안전운전불이행,포장 - 건조,맑음,단일로 - 기타,승용,남,46세,상해없음,보행자,남,22세,중상
2019013000100225,2019년 1월 30일 12시,수요일,인천광역시 남동구 구월동,경상사고,0,0,1,0,차대사람 - 횡단중,안전운전불이행,포장 - 건조,맑음,교차로 - 교차로부근,승용,여,50세,상해없음,보행자,남,53세,경상
2019013000100373,2019년 1월 30일 16시,수요일,인천광역시 서구 석남동,중상사고,0,1,0,0,차대사람 - 길가장자리구역통행중,안전운전불이행,포장 - 건조,맑음,단일로 - 기타,승합,여,65세,상해없음,보행자,여,26세,중상
2019013000100552,2019년 1월 30일 21시,수요일,인천광역시 동구 송림동,중상사고,0,1,0,0,차대사람 - 차도통행중,안전운전불이행,포장 - 건조,기타,교차로 - 교차로안,승용,남,65세,상해없음,보행자,남,63세,중상
2019013000100597,2019년 1월 30일 23시,수요일,인천광역시 계양구 효성동,중상사고,0,1,0,0,차대사람 - 기타,중앙선침범,포장 - 젖음/습기,맑음,단일로 - 기타,화물,남,47세,상해없음,보행자,여,53세,중상
2019013100100083,2019년 1월 31일 06시,목요일,인천광역시 중구 중산동,중상사고,0,1,0,0,차대사람 - 횡단중,안전운전불이행,포장 - 건조,맑음,단일로 - 기타,승용,남,65세,상해없음,보행자,여,66세,중상
2019013100100262,2019년 1월 31일 12시,목요일,인천광역시 중구 관동3가,경상사고,0,0,1,0,차대사람 - 길가장자리구역통행중,안전운전불이행,포장 - 건조,맑음,교차로 - 교차로안,승용,남,41세,상해없음,보행자,남,71세,경상
2019013100100422,2019년 1월 31일 17시,목요일,인천광역시 미추홀구 용현동,경상사고,0,0,1,0,차대사람 - 횡단중,안전운전불이행,포장 - 건조,맑음,교차로 - 교차로부근,승용,남,66세,상해없음,보행자,남,9세,경상
2019013100100519,2019년 1월 31일 19시,목요일,인천광역시 서구 가좌동,중상사고,0,1,0,0,차대사람 - 횡단중,보행자보호의무위반,포장 - 건조,맑음,교차로 - 교차로안,화물,남,27세,기타불명,보행자,남,20세,중상
2019020100100036,2019년 2월 1일 00시,금요일,인천광역시 미추홀구 주안동,부상신고사고,0,0,0,1,차대사람 - 기타,안전운전불이행,포장 - 건조,맑음,기타 - 기타,승용,남,41세,상해없음,보행자,남,40세,부상신고
2019020100100069,2019년 2월 1일 03시,금요일,인천광역시 서구 가좌동,경상사고,0,0,1,0,차대사람 - 횡단중,안전운전불이행,포장 - 건조,맑음,교차로 - 교차로횡단보도내,승용,남,67세,상해없음,보행자,남,54세,경상
2019020100100116,2019년 2월 1일 07시,금요일,인천광역시 미추홀구 용현동,경상사고,0,0,2,0,차대사람 - 차도통행중,안전운전불이행,포장 - 건조,맑음,단일로 - 기타,승용,남,65세,상해없음,보행자,남,71세,경상
2019020100100359,2019년 2월 1일 14시,금요일,인천광역시 남동구 간석동,경상사고,0,0,1,0,차대사람 - 기타,보행자보호의무위반,포장 - 건조,맑음,교차로 - 교차로횡단보도내,화물,남,52세,상해없음,보행자,남,46세,경상
2019020100100406,2019년 2월 1일 15시,금요일,인천광역시 미추홀구 용현동,중상사고,0,1,0,0,차대사람 - 기타,신호위반,포장 - 건조,맑음,단일로 - 기타,화물,남,63세,상해없음,보행자,여,66세,중상
2019020100100555,2019년 2월 1일 18시,금요일,인천광역시 미추홀구 용현동,중상사고,0,1,0,0,차대사람 - 기타,기타,포장 - 건조,맑음,단일로 - 기타,승합,남,61세,상해없음,보행자,여,89세,중상
2019020100100682,2019년 2월 1일 21시,금요일,인천광역시 서구 가좌동,경상사고,0,0,1,0,차대사람 - 기타,보행자보호의무위반,포장 - 건조,맑음,교차로 - 교차로부근,화물,남,65세,상해없음,보행자,여,22세,경상
2019020100100710,2019년 2월 1일 22시,금요일,인천광역시 부평구 부평동,중상사고,0,1,0,0,차대사람 - 횡단중,안전운전불이행,포장 - 건조,맑음,단일로 - 기타,승용,남,27세,상해없음,보행자,여,62세,중상
2019020100100733,2019년 2월 1일 23시,금요일,인천광역시 남동구 만수동,경상사고,0,0,1,0,차대사람 - 기타,안전운전불이행,포장 - 건조,맑음,단일로 - 기타,기타불명,기타불명,미분류,기타불명,보행자,남,56세,경상
2019020200100476,2019년 2월 2일 18시,토요일,인천광역시 중구 운남동,경상사고,0,0,1,0,차대사람 - 보도통행중,기타,포장 - 건조,맑음,교차로 - 교차로부근,건설기계,남,26세,상해없음,보행자,남,28세,경상
2019020200100477,2019년 2월 2일 18시,토요일,인천광역시 미추홀구 용현동,경상사고,0,0,1,0,차대사람 - 횡단중,안전운전불이행,포장 - 건조,맑음,단일로 - 기타,승용,남,55세,상해없음,보행자,남,65세,경상
2019020200100508,2019년 2월 2일 19시,토요일,인천광역시 미추홀구 주안동,중상사고,0,1,0,0,차대사람 - 횡단중,안전운전불이행,포장 - 건조,맑음,교차로 - 교차로횡단보도내,승용,남,45세,상해없음,보행자,여,70세,중상
2019020200100511,2019년 2월 2일 19시,토요일,인천광역시 서구 석남동,중상사고,0,1,0,0,차대사람 - 기타,안전운전불이행,포장 - 건조,맑음,교차로 - 교차로부근,화물,남,63세,상해없음,보행자,남,63세,중상
2019020200100523,2019년 2월 2일 20시,토요일,인천광역시 부평구 십정동,경상사고,0,0,2,0,차대사람 - 차도통행중,안전운전불이행,포장 - 건조,맑음,단일로 - 기타,기타불명,기타불명,미분류,기타불명,보행자,남,47세,경상
2019020300100096,2019년 2월 3일 03시,일요일,인천광역시 미추홀구 주안동,중상사고,0,1,0,0,차대사람 - 횡단중,과속,포장 - 젖음/습기,비,단일로 - 기타,승용,남,33세,상해없음,보행자,여,19세,중상
2019020300100106,2019년 2월 3일 04시,일요일,인천광역시 부평구 청천동,중상사고,0,1,0,0,차대사람 - 기타,안전운전불이행,포장 - 젖음/습기,비,단일로 - 기타,화물,남,64세,상해없음,보행자,남,24세,중상
2019020300100388,2019년 2월 3일 18시,일요일,인천광역시 남동구 논현동,중상사고,0,1,0,0,차대사람 - 횡단중,안전운전불이행,포장 - 건조,맑음,단일로 - 기타,승용,남,59세,상해없음,보행자,여,53세,중상
2019020400100045,2019년 2월 4일 01시,월요일,인천광역시 미추홀구 용현동,중상사고,0,1,0,0,차대사람 - 기타,보행자보호의무위반,포장 - 건조,맑음,교차로 - 교차로횡단보도내,승합,남,53세,상해없음,보행자,남,70세,중상
2019020400100137,2019년 2월 4일 11시,월요일,인천광역시 남동구 구월동,경상사고,0,0,1,0,차대사람 - 기타,안전운전불이행,포장 - 건조,맑음,단일로 - 기타,승용,남,62세,상해없음,보행자,여,87세,경상
2019020500100050,2019년 2월 5일 03시,화요일,인천광역시 남동구 구월동,부상신고사고,0,0,0,1,차대사람 - 보도통행중,신호위반,포장 - 건조,맑음,교차로 - 교차로부근,승용,남,53세,상해없음,보행자,여,26세,부상신고
2019020500100319,2019년 2월 5일 20시,화요일,인천광역시 부평구 부평동,경상사고,0,0,1,0,차대사람 - 기타,안전운전불이행,포장 - 건조,맑음,기타 - 기타,승합,남,53세,상해없음,보행자,남,50세,경상
2019020500100348,2019년 2월 5일 22시,화요일,인천광역시 서구 가좌동,중상사고,0,1,0,0,차대사람 - 횡단중,안전운전불이행,포장 - 건조,맑음,단일로 - 기타,승용,여,30세,상해없음,보행자,남,40세,중상
2019020500100360,2019년 2월 5일 23시,화요일,인천광역시 중구 중산동,경상사고,0,0,2,0,차대사람 - 횡단중,안전운전불이행,포장 - 건조,맑음,단일로 - 기타,승용,남,67세,상해없음,보행자,여,48세,경상
2019020600100043,2019년 2월 6일 02시,수요일,인천광역시 서구 신현동,경상사고,0,0,1,0,차대사람 - 횡단중,안전운전불이행,포장 - 건조,맑음,교차로 - 교차로안,승용,남,62세,상해없음,보행자,남,55세,경상
2019020700100133,2019년 2월 7일 08시,목요일,인천광역시 부평구 삼산동,중상사고,0,1,0,0,차대사람 - 횡단중,안전운전불이행,포장 - 건조,맑음,교차로 - 교차로부근,승용,여,50세,상해없음,보행자,남,25세,중상
2019020700100356,2019년 2월 7일 16시,목요일,인천광역시 동구 송현동,경상사고,0,0,1,0,차대사람 - 길가장자리구역통행중,안전운전불이행,포장 - 건조,맑음,단일로 - 기타,승용,남,62세,상해없음,보행자,여,41세,경상
2019020700100466,2019년 2월 7일 19시,목요일,인천광역시 남동구 간석동,중상사고,0,1,0,0,차대사람 - 횡단중,보행자보호의무위반,포장 - 건조,맑음,교차로 - 교차로안,승용,여,62세,상해없음,보행자,남,25세,중상
2019020700100489,2019년 2월 7일 20시,목요일,인천광역시 미추홀구 학익동,중상사고,0,1,0,0,차대사람 - 횡단중,안전운전불이행,포장 - 건조,맑음,기타 - 기타,승용,남,48세,상해없음,보행자,여,73세,중상
2019020800100175,2019년 2월 8일 11시,금요일,인천광역시 동구 화수동,중상사고,0,1,0,0,차대사람 - 차도통행중,안전운전불이행,포장 - 건조,맑음,교차로 - 교차로안,승용,남,57세,상해없음,보행자,여,64세,중상
2019020800100201,2019년 2월 8일 12시,금요일,인천광역시 부평구 부평동,경상사고,0,0,1,0,차대사람 - 기타,안전운전불이행,포장 - 건조,맑음,교차로 - 교차로부근,화물,남,38세,상해없음,보행자,여,23세,경상
2019020800100353,2019년 2월 8일 17시,금요일,인천광역시 남동구 구월동,경상사고,0,0,1,0,차대사람 - 횡단중,보행자보호의무위반,포장 - 건조,맑음,교차로 - 교차로횡단보도내,승용,남,58세,상해없음,보행자,여,22세,경상
2019020800100452,2019년 2월 8일 20시,금요일,인천광역시 연수구 선학동,중상사고,0,1,0,0,차대사람 - 기타,안전운전불이행,포장 - 건조,맑음,단일로 - 기타,승용,남,59세,상해없음,보행자,남,52세,중상
2019020800100476,2019년 2월 8일 21시,금요일,인천광역시 서구 왕길동,경상사고,0,0,1,0,차대사람 - 보도통행중,신호위반,포장 - 건조,맑음,교차로 - 교차로횡단보도내,이륜,남,22세,기타불명,보행자,남,47세,경상
2019020800100519,2019년 2월 8일 23시,금요일,인천광역시 서구 석남동,경상사고,0,0,1,0,차대사람 - 횡단중,안전운전불이행,포장 - 건조,맑음,단일로 - 기타,승용,남,28세,상해없음,보행자,여,53세,경상
2019020900100149,2019년 2월 9일 10시,토요일,인천광역시 남동구 구월동,부상신고사고,0,0,0,1,차대사람 - 횡단중,안전운전불이행,포장 - 건조,맑음,단일로 - 기타,승용,남,25세,상해없음,보행자,여,65세,부상신고
2019020900100289,2019년 2월 9일 15시,토요일,인천광역시 남동구 구월동,경상사고,0,0,1,0,차대사람 - 기타,안전운전불이행,포장 - 건조,맑음,단일로 - 기타,승용,남,67세,상해없음,보행자,여,59세,경상
2019020900100327,2019년 2월 9일 17시,토요일,인천광역시 미추홀구 주안동,경상사고,0,0,1,0,차대사람 - 기타,안전운전불이행,포장 - 건조,맑음,단일로 - 기타,승합,남,61세,상해없음,보행자,여,70세,경상
2019020900100352,2019년 2월 9일 18시,토요일,인천광역시 서구 청라동,경상사고,0,0,1,0,차대사람 - 횡단중,보행자보호의무위반,포장 - 건조,맑음,단일로 - 기타,승용,여,56세,상해없음,보행자,여,17세,경상
2019020900100400,2019년 2월 9일 20시,토요일,인천광역시 서구 청라동,경상사고,0,0,1,0,차대사람 - 보도통행중,기타,포장 - 건조,맑음,단일로 - 기타,이륜,남,32세,상해없음,보행자,여,49세,경상
2019021000100203,2019년 2월 10일 15시,일요일,인천광역시 동구 송림동,부상신고사고,0,0,0,1,차대사람 - 차도통행중,안전운전불이행,포장 - 건조,맑음,교차로 - 교차로부근,승합,남,58세,상해없음,보행자,남,70세,부상신고
2019021000100299,2019년 2월 10일 19시,일요일,인천광역시 동구 송현동,경상사고,0,0,1,0,차대사람 - 차도통행중,안전운전불이행,포장 - 건조,맑음,교차로 - 교차로안,승용,남,72세,상해없음,보행자,남,38세,경상
2019021100100115,2019년 2월 11일 08시,월요일,인천광역시 계양구 작전동,경상사고,0,0,1,0,차대사람 - 기타,안전운전불이행,포장 - 건조,맑음,단일로 - 기타,승합,남,67세,상해없음,보행자,여,62세,경상
2019021100100231,2019년 2월 11일 12시,월요일,인천광역시 계양구 병방동,경상사고,0,0,2,0,차대사람 - 횡단중,안전운전불이행,포장 - 건조,맑음,교차로 - 교차로안,승용,여,56세,상해없음,보행자,남,7세,경상
2019021100100257,2019년 2월 11일 13시,월요일,인천광역시 미추홀구 도화동,부상신고사고,0,0,0,1,차대사람 - 기타,안전운전불이행,포장 - 건조,맑음,단일로 - 기타,이륜,남,55세,기타불명,보행자,남,61세,부상신고
2019021100100258,2019년 2월 11일 13시,월요일,인천광역시 남동구 남촌동,경상사고,0,0,1,0,차대사람 - 기타,안전운전불이행,포장 - 건조,맑음,단일로 - 기타,승용,남,20세,상해없음,보행자,남,78세,경상
2019021100100349,2019년 2월 11일 16시,월요일,인천광역시 부평구 부개동,경상사고,0,0,1,0,차대사람 - 횡단중,보행자보호의무위반,포장 - 건조,맑음,교차로 - 교차로안,화물,남,49세,상해없음,보행자,남,79세,경상
2019021100100485,2019년 2월 11일 20시,월요일,인천광역시 미추홀구 주안동,중상사고,0,1,0,0,차대사람 - 횡단중,안전운전불이행,포장 - 건조,맑음,단일로 - 기타,승용,남,61세,기타불명,보행자,여,81세,중상
2019021200100160,2019년 2월 12일 09시,화요일,인천광역시 부평구 부평동,중상사고,0,1,0,0,차대사람 - 횡단중,보행자보호의무위반,포장 - 건조,맑음,교차로 - 교차로안,승용,여,37세,상해없음,보행자,여,70세,중상
2019021200100249,2019년 2월 12일 12시,화요일,인천광역시 서구 가좌동,경상사고,0,0,1,0,차대사람 - 횡단중,보행자보호의무위반,포장 - 건조,맑음,교차로 - 교차로횡단보도내,화물,남,59세,상해없음,보행자,여,47세,경상
2019021200100502,2019년 2월 12일 21시,화요일,인천광역시 서구 오류동,중상사고,0,1,0,0,차대사람 - 기타,안전운전불이행,포장 - 건조,맑음,단일로 - 기타,건설기계,남,48세,기타불명,보행자,남,44세,중상
2019021300100058,2019년 2월 13일 03시,수요일,인천광역시 남동구 구월동,경상사고,0,0,1,0,차대사람 - 기타,안전운전불이행,포장 - 건조,맑음,단일로 - 기타,승용,남,60세,상해없음,보행자,여,40세,경상
2019021300100476,2019년 2월 13일 19시,수요일,인천광역시 서구 청라동,경상사고,0,0,1,0,차대사람 - 횡단중,보행자보호의무위반,포장 - 건조,맑음,교차로 - 교차로횡단보도내,승용,남,37세,상해없음,보행자,여,30세,경상
2019021400100323,2019년 2월 14일 15시,목요일,인천광역시 계양구 임학동,중상사고,0,1,0,0,차대사람 - 횡단중,안전운전불이행,포장 - 건조,맑음,단일로 - 기타,이륜,남,36세,상해없음,보행자,여,73세,중상
2019021500100225,2019년 2월 15일 09시,금요일,인천광역시 부평구 갈산동,중상사고,0,1,0,0,차대사람 - 횡단중,안전운전불이행,포장 - 적설,눈,교차로 - 교차로부근,건설기계,남,39세,상해없음,보행자,여,15세,중상
2019021500100346,2019년 2월 15일 13시,금요일,인천광역시 부평구 청천동,중상사고,0,1,0,0,차대사람 - 길가장자리구역통행중,안전운전불이행,포장 - 해빙,맑음,단일로 - 기타,승용,남,57세,상해없음,보행자,남,59세,중상
2019021500100381,2019년 2월 15일 14시,금요일,인천광역시 강화군 강화읍,중상사고,0,1,0,0,차대사람 - 보도통행중,안전운전불이행,포장 - 건조,맑음,단일로 - 기타,승용,남,64세,상해없음,보행자,남,59세,중상
2019021500100477,2019년 2월 15일 17시,금요일,인천광역시 미추홀구 주안동,부상신고사고,0,0,0,1,차대사람 - 차도통행중,안전운전불이행,포장 - 건조,맑음,단일로 - 기타,승용,남,64세,상해없음,보행자,여,72세,부상신고
2019021500100580,2019년 2월 15일 19시,금요일,인천광역시 미추홀구 주안동,경상사고,0,0,1,0,차대사람 - 기타,안전운전불이행,포장 - 젖음/습기,눈,기타 - 기타,승용,남,36세,상해없음,보행자,여,21세,경상
2019021500100581,2019년 2월 15일 19시,금요일,인천광역시 연수구 연수동,중상사고,0,1,0,0,차대사람 - 기타,신호위반,포장 - 건조,맑음,교차로 - 교차로횡단보도내,승용,남,76세,상해없음,보행자,여,30세,중상
2019021600100069,2019년 2월 16일 03시,토요일,인천광역시 미추홀구 주안동,중상사고,0,2,0,0,차대사람 - 횡단중,보행자보호의무위반,포장 - 건조,맑음,교차로 - 교차로횡단보도내,화물,남,59세,상해없음,보행자,남,43세,중상
2019021600100097,2019년 2월 16일 06시,토요일,인천광역시 연수구 선학동,중상사고,0,1,0,0,차대사람 - 횡단중,안전운전불이행,포장 - 건조,맑음,교차로 - 교차로횡단보도내,승합,남,65세,상해없음,보행자,여,63세,중상
2019021600100131,2019년 2월 16일 08시,토요일,인천광역시 계양구 계산동,중상사고,0,1,0,0,차대사람 - 기타,안전운전불이행,포장 - 건조,맑음,교차로 - 교차로부근,화물,남,51세,상해없음,보행자,여,53세,중상
2019021600100148,2019년 2월 16일 09시,토요일,인천광역시 중구 신흥동2가,중상사고,0,1,0,0,차대사람 - 보도통행중,보행자보호의무위반,포장 - 건조,맑음,교차로 - 교차로횡단보도내,승용,남,49세,상해없음,보행자,남,75세,중상
2019021600100472,2019년 2월 16일 18시,토요일,인천광역시 미추홀구 주안동,부상신고사고,0,0,0,1,차대사람 - 길가장자리구역통행중,안전운전불이행,포장 - 건조,맑음,기타 - 기타,승용,남,65세,상해없음,보행자,여,24세,부상신고
2019021600100571,2019년 2월 16일 21시,토요일,인천광역시 미추홀구 주안동,경상사고,0,0,1,0,차대사람 - 기타,안전운전불이행,포장 - 건조,맑음,단일로 - 기타,승용,남,62세,상해없음,보행자,여,60세,경상
2019021600100614,2019년 2월 16일 23시,토요일,인천광역시 남동구 간석동,중상사고,0,1,0,0,차대사람 - 차도통행중,안전운전불이행,포장 - 건조,맑음,단일로 - 기타,승용,남,53세,상해없음,보행자,여,25세,중상
2019021700100075,2019년 2월 17일 02시,일요일,인천광역시 부평구 부평동,경상사고,0,0,1,0,차대사람 - 보도통행중,안전운전불이행,포장 - 건조,맑음,단일로 - 기타,승용,남,31세,상해없음,보행자,여,20세,경상
2019021700100113,2019년 2월 17일 07시,일요일,인천광역시 부평구 산곡동,중상사고,0,1,0,0,차대사람 - 기타,신호위반,포장 - 건조,맑음,교차로 - 교차로안,승용,남,60세,상해없음,보행자,남,63세,중상
2019021700100276,2019년 2월 17일 15시,일요일,인천광역시 중구 을왕동,경상사고,0,0,1,0,차대사람 - 차도통행중,안전운전불이행,포장 - 건조,맑음,단일로 - 기타,승용,남,66세,상해없음,보행자,여,48세,경상
2019021700100429,2019년 2월 17일 20시,일요일,인천광역시 부평구 부평동,경상사고,0,0,1,0,차대사람 - 기타,안전운전불이행,포장 - 건조,맑음,기타 - 기타,승용,여,38세,상해없음,보행자,여,68세,경상
2019021700100448,2019년 2월 17일 21시,일요일,인천광역시 연수구 연수동,경상사고,0,0,1,0,차대사람 - 횡단중,신호위반,포장 - 건조,맑음,교차로 - 교차로부근,승용,남,51세,상해없음,보행자,남,46세,경상
2019021800100106,2019년 2월 18일 07시,월요일,인천광역시 남동구 간석동,중상사고,0,1,0,0,차대사람 - 길가장자리구역통행중,안전운전불이행,포장 - 건조,맑음,단일로 - 기타,승용,남,50세,상해없음,보행자,여,25세,중상
2019021800100148,2019년 2월 18일 08시,월요일,인천광역시 계양구 임학동,경상사고,0,0,1,0,차대사람 - 길가장자리구역통행중,안전운전불이행,포장 - 건조,맑음,단일로 - 기타,승용,여,56세,상해없음,보행자,여,22세,경상
2019021800100197,2019년 2월 18일 10시,월요일,인천광역시 미추홀구 주안동,경상사고,0,0,1,0,차대사람 - 기타,안전운전불이행,포장 - 건조,맑음,단일로 - 기타,승합,남,59세,상해없음,보행자,남,71세,경상
2019021800100393,2019년 2월 18일 17시,월요일,인천광역시 서구 가좌동,경상사고,0,0,1,0,차대사람 - 기타,안전운전불이행,포장 - 건조,맑음,기타 - 기타,승용,남,54세,상해없음,보행자,여,60세,경상
2019021900100082,2019년 2월 19일 05시,화요일,인천광역시 남동구 구월동,중상사고,0,1,0,0,차대사람 - 횡단중,안전운전불이행,포장 - 젖음/습기,비,교차로 - 교차로안,승합,남,61세,상해없음,보행자,남,76세,중상
2019021900100229,2019년 2월 19일 11시,화요일,인천광역시 부평구 삼산동,경상사고,0,0,1,0,차대사람 - 횡단중,안전운전불이행,포장 - 적설,눈,교차로 - 교차로부근,승합,남,66세,상해없음,보행자,여,57세,경상
2019021900100230,2019년 2월 19일 11시,화요일,인천광역시 남동구 논현동,중상사고,0,1,0,0,차대사람 - 횡단중,안전운전불이행,포장 - 건조,맑음,교차로 - 교차로안,승합,남,29세,상해없음,보행자,남,70세,중상
2019021900100252,2019년 2월 19일 12시,화요일,인천광역시 서구 석남동,경상사고,0,0,1,0,차대사람 - 횡단중,보행자보호의무위반,포장 - 건조,맑음,단일로 - 지하차도(도로)내,화물,남,63세,상해없음,보행자,여,54세,경상
2019021900100542,2019년 2월 19일 23시,화요일,인천광역시 서구 석남동,중상사고,0,1,0,0,차대사람 - 차도통행중,안전운전불이행,포장 - 건조,맑음,단일로 - 기타,승용,남,59세,상해없음,보행자,남,45세,중상
2019022000100239,2019년 2월 20일 12시,수요일,인천광역시 남동구 논현동,경상사고,0,0,1,0,차대사람 - 보도통행중,기타,포장 - 건조,맑음,기타 - 기타,이륜,남,32세,상해없음,보행자,여,58세,경상
2019022000100323,2019년 2월 20일 15시,수요일,인천광역시 남동구 간석동,경상사고,0,0,1,0,차대사람 - 기타,안전운전불이행,포장 - 건조,맑음,단일로 - 기타,승용,여,74세,상해없음,보행자,남,20세,경상
2019022100100051,2019년 2월 21일 03시,목요일,인천광역시 미추홀구 용현동,부상신고사고,0,0,0,1,차대사람 - 길가장자리구역통행중,안전운전불이행,포장 - 기타,기타,단일로 - 기타,승용,남,46세,상해없음,보행자,남,44세,부상신고
2019022100100081,2019년 2월 21일 06시,목요일,인천광역시 남동구 간석동,경상사고,0,0,1,0,차대사람 - 횡단중,안전운전불이행,포장 - 건조,맑음,단일로 - 기타,승용,남,39세,상해없음,보행자,남,57세,경상
2019022100100105,2019년 2월 21일 07시,목요일,인천광역시 연수구 옥련동,경상사고,0,0,1,0,차대사람 - 기타,안전운전불이행,포장 - 건조,맑음,단일로 - 기타,승합,남,59세,상해없음,보행자,여,59세,경상
2019022100100295,2019년 2월 21일 13시,목요일,인천광역시 미추홀구 주안동,부상신고사고,0,0,0,1,차대사람 - 길가장자리구역통행중,안전운전불이행,포장 - 건조,맑음,기타 - 기타,승합,남,57세,기타불명,보행자,남,21세,부상신고