사고번호,사고일시,요일,시군구,사고내용,사망자수,중상자수,경상자수,부상신고자수,사고유형,법규위반,노면상태,기상상태,도로형태,가해운전자 차종,가해운전자 성별,가해운전자 연령,가해운전자 상해정도,피해운전자 차종,피해운전자 성별,피해운전자 연령,피해운전자 상해정도
2019100400100411,2019년 10월 4일 14시,금요일,인천광역시 부평구 산곡동,중상사고,0,1,0,0,차대사람 - 횡단중,보행자보호의무위반,포장 - 건조,맑음,교차로 - 교차로횡단보도내,이륜,남,28세,상해없음,보행자,여,88세,중상
2019100400100596,2019년 10월 4일 18시,금요일,인천광역시 서구 석남동,중상사고,0,1,0,0,차대사람 - 기타,안전운전불이행,포장 - 건조,맑음,단일로 - 기타,승용,남,35세,상해없음,보행자,여,57세,중상
2019100400100654,2019년 10월 4일 19시,금요일,인천광역시 미추홀구 관교동,중상사고,0,1,0,0,차대사람 - 기타,안전운전불이행,포장 - 건조,맑음,기타 - 기타,승합,남,51세,상해없음,보행자,여,55세,중상
2019100400100656,2019년 10월 4일 19시,금요일,인천광역시 서구 왕길동,중상사고,0,1,0,0,차대사람 - 기타,안전운전불이행,포장 - 건조,맑음,단일로 - 기타,승용,여,48세,상해없음,보행자,남,39세,중상
2019100400100657,2019년 10월 4일 19시,금요일,인천광역시 서구 왕길동,경상사고,0,0,1,0,차대사람 - 횡단중,안전운전불이행,포장 - 건조,맑음,교차로 - 교차로부근,기타불명,기타불명,미분류,기타불명,보행자,남,23세,경상
2019100400100658,2019년 10월 4일 19시,금요일,인천광역시 남동구 고잔동,중상사고,0,1,0,0,차대사람 - 횡단중,보행자보호의무위반,포장 - 건조,맑음,교차로 - 교차로횡단보도내,화물,남,43세,상해없음,보행자,남,40세,중상
2019100400100714,2019년 10월 4일 21시,금요일,인천광역시 서구 가정동,중상사고,0,1,0,0,차대사람 - 기타,안전운전불이행,포장 - 건조,맑음,교차로 - 교차로부근,승용,여,41세,상해없음,보행자,남,52세,중상
2019100400100767,2019년 10월 4일 23시,금요일,인천광역시 미추홀구 도화동,중상사고,0,1,0,0,차대사람 - 횡단중,신호위반,포장 - 건조,맑음,교차로 - 교차로안,승용,남,49세,상해없음,보행자,여,38세,중상
2019100500100031,2019년 10월 5일 00시,토요일,인천광역시 부평구 삼산동,경상사고,0,0,1,0,차대사람 - 횡단중,보행자보호의무위반,포장 - 건조,맑음,교차로 - 교차로횡단보도내,기타불명,기타불명,미분류,기타불명,보행자,남,35세,경상
2019100500100334,2019년 10월 5일 14시,토요일,인천광역시 중구 운서동,경상사고,0,0,1,0,차대사람 - 차도통행중,안전운전불이행,포장 - 건조,맑음,단일로 - 기타,승용,여,45세,상해없음,보행자,남,7세,경상
2019100500100365,2019년 10월 5일 15시,토요일,인천광역시 계양구 작전동,경상사고,0,0,1,0,차대사람 - 기타,안전운전불이행,포장 - 건조,맑음,기타 - 기타,화물,남,40세,상해없음,보행자,남,59세,경상
2019100500100426,2019년 10월 5일 17시,토요일,인천광역시 남동구 구월동,경상사고,0,0,1,0,차대사람 - 기타,안전운전불이행,포장 - 건조,맑음,교차로 - 교차로안,기타불명,기타불명,미분류,기타불명,보행자,여,14세,경상
2019100600100251,2019년 10월 6일 13시,일요일,인천광역시 미추홀구 주안동,경상사고,0,0,1,0,차대사람 - 길가장자리구역통행중,안전운전불이행,포장 - 건조,맑음,단일로 - 기타,승용,남,58세,상해없음,보행자,남,63세,경상
2019100600100375,2019년 10월 6일 17시,일요일,인천광역시 미추홀구 주안동,중상사고,0,1,0,0,차대사람 - 차도통행중,안전운전불이행,포장 - 건조,맑음,단일로 - 기타,승용,남,46세,상해없음,보행자,남,59세,중상
2019100600100419,2019년 10월 6일 18시,일요일,인천광역시 강화군 강화읍,경상사고,0,0,1,0,차대사람 - 길가장자리구역통행중,교차로운행방법위반,포장 - 건조,맑음,기타 - 기타,화물,남,60세,상해없음,보행자,남,74세,경상
2019100600100446,2019년 10월 6일 19시,일요일,인천광역시 서구 연희동,중상사고,0,1,0,0,차대사람 - 길가장자리구역통행중,불법유턴,포장 - 건조,맑음,단일로 - 기타,승용,여,52세,기타불명,보행자,남,51세,중상
2019100700100184,2019년 10월 7일 08시,월요일,인천광역시 미추홀구 용현동,중상사고,0,1,0,0,차대사람 - 기타,신호위반,포장 - 젖음/습기,비,교차로 - 교차로안,승용,남,37세,상해없음,보행자,남,88세,중상
2019100700100218,2019년 10월 7일 09시,월요일,인천광역시 동구 송림동,경상사고,0,0,1,0,차대사람 - 기타,안전운전불이행,포장 - 건조,맑음,기타 - 기타,승합,남,40세,상해없음,보행자,남,54세,경상
2019100700100703,2019년 10월 7일 22시,월요일,인천광역시 미추홀구 주안동,중상사고,0,1,0,0,차대사람 - 횡단중,보행자보호의무위반,포장 - 건조,맑음,교차로 - 교차로횡단보도내,승용,여,23세,상해없음,보행자,여,56세,중상
2019100700100721,2019년 10월 7일 23시,월요일,인천광역시 서구 청라동,경상사고,0,0,1,0,차대사람 - 기타,안전운전불이행,포장 - 건조,맑음,기타 - 기타,승용,남,31세,상해없음,보행자,남,49세,경상
2019100800100061,2019년 10월 8일 02시,화요일,인천광역시 미추홀구 주안동,부상신고사고,0,0,0,1,차대사람 - 기타,안전운전불이행,포장 - 건조,맑음,단일로 - 기타,기타불명,기타불명,미분류,기타불명,보행자,여,27세,부상신고
2019100800100283,2019년 10월 8일 11시,화요일,인천광역시 남동구 논현동,중상사고,0,1,0,0,차대사람 - 횡단중,보행자보호의무위반,포장 - 건조,맑음,교차로 - 교차로횡단보도내,승용,남,62세,상해없음,보행자,남,85세,중상
2019100800100388,2019년 10월 8일 14시,화요일,인천광역시 미추홀구 주안동,부상신고사고,0,0,0,1,차대사람 - 길가장자리구역통행중,안전운전불이행,포장 - 건조,맑음,단일로 - 기타,승합,남,62세,상해없음,보행자,여,12세,부상신고
2019100800100475,2019년 10월 8일 16시,화요일,인천광역시 동구 화수동,경상사고,0,0,1,0,차대사람 - 횡단중,신호위반,포장 - 건조,맑음,교차로 - 교차로안,승용,여,48세,상해없음,보행자,남,13세,경상
2019100800100698,2019년 10월 8일 20시,화요일,인천광역시 부평구 부평동,경상사고,0,0,1,0,차대사람 - 기타,안전운전불이행,포장 - 건조,맑음,단일로 - 기타,기타불명,기타불명,미분류,기타불명,보행자,여,46세,경상
2019100800100764,2019년 10월 8일 22시,화요일,인천광역시 부평구 부평동,중상사고,0,1,0,0,차대사람 - 횡단중,보행자보호의무위반,포장 - 건조,맑음,교차로 - 교차로부근,승합,남,67세,상해없음,보행자,여,31세,중상
2019100900100104,2019년 10월 9일 05시,수요일,인천광역시 미추홀구 주안동,부상신고사고,0,0,0,1,차대사람 - 기타,안전운전불이행,포장 - 건조,맑음,교차로 - 교차로안,기타불명,기타불명,미분류,기타불명,보행자,남,34세,부상신고
2019100900100185,2019년 10월 9일 09시,수요일,인천광역시 미추홀구 용현동,경상사고,0,0,1,0,차대사람 - 기타,안전운전불이행,포장 - 건조,맑음,단일로 - 기타,승용,여,31세,상해없음,보행자,여,39세,경상
2019100900100243,2019년 10월 9일 11시,수요일,인천광역시 서구 연희동,중상사고,0,1,0,0,차대사람 - 횡단중,기타,포장 - 건조,맑음,기타 - 기타,화물,남,27세,상해없음,보행자,남,71세,중상
2019100900100384,2019년 10월 9일 15시,수요일,인천광역시 계양구 계산동,중상사고,0,1,0,0,차대사람 - 횡단중,안전운전불이행,포장 - 건조,맑음,단일로 - 기타,승용,남,54세,상해없음,보행자,여,46세,중상
2019100900100462,2019년 10월 9일 17시,수요일,인천광역시 서구 석남동,중상사고,0,1,0,0,차대사람 - 차도통행중,안전운전불이행,포장 - 건조,맑음,교차로 - 교차로횡단보도내,승용,남,31세,상해없음,보행자,남,48세,중상
2019100900100636,2019년 10월 9일 22시,수요일,인천광역시 강화군 강화읍,중상사고,0,1,0,0,차대사람 - 길가장자리구역통행중,안전운전불이행,포장 - 건조,맑음,교차로 - 교차로부근,승용,남,47세,상해없음,보행자,여,74세,중상
2019100900100655,2019년 10월 9일 23시,수요일,인천광역시 부평구 부평동,경상사고,0,0,1,0,차대사람 - 차도통행중,안전운전불이행,포장 - 건조,맑음,단일로 - 기타,기타불명,기타불명,미분류,기타불명,보행자,남,40세,경상
2019101000100224,2019년 10월 10일 10시,목요일,인천광역시 미추홀구 도화동,경상사고,0,0,1,0,차대사람 - 기타,안전운전불이행,포장 - 건조,맑음,단일로 - 기타,화물,남,52세,상해없음,보행자,남,75세,경상
2019101000100378,2019년 10월 10일 14시,목요일,인천광역시 미추홀구 도화동,중상사고,0,1,0,0,차대사람 - 횡단중,보행자보호의무위반,포장 - 건조,맑음,교차로 - 교차로안,화물,남,45세,상해없음,보행자,남,66세,중상
2019101000100379,2019년 10월 10일 14시,목요일,인천광역시 서구 가정동,경상사고,0,0,1,0,차대사람 - 기타,안전운전불이행,포장 - 건조,맑음,단일로 - 기타,승용,남,61세,상해없음,보행자,여,55세,경상
2019101000100469,2019년 10월 10일 16시,목요일,인천광역시 서구 심곡동,사망사고,1,0,0,0,차대사람 - 횡단중,보행자보호의무위반,포장 - 건조,맑음,교차로 - 교차로횡단보도내,화물,남,49세,상해없음,보행자,여,84세,사망
2019101000100618,2019년 10월 10일 19시,목요일,인천광역시 부평구 부평동,부상신고사고,0,0,0,1,차대사람 - 횡단중,안전운전불이행,포장 - 건조,흐림,교차로 - 교차로부근,기타불명,기타불명,미분류,기타불명,보행자,남,54세,부상신고
2019101000100619,2019년 10월 10일 19시,목요일,인천광역시 남동구 간석동,중상사고,0,1,0,0,차대사람 - 횡단중,보행자보호의무위반,포장 - 건조,맑음,교차로 - 교차로횡단보도내,승용,여,43세,상해없음,보행자,남,64세,중상
2019101000100689,2019년 10월 10일 21시,목요일,인천광역시 미추홀구 주안동,부상신고사고,0,0,0,1,차대사람 - 기타,안전운전불이행,포장 - 건조,맑음,단일로 - 기타,기타불명,기타불명,미분류,기타불명,보행자,남,51세,부상신고
2019101100100073,2019년 10월 11일 03시,금요일,인천광역시 중구 운남동,부상신고사고,0,0,0,1,차대사람 - 기타,안전운전불이행,포장 - 건조,맑음,단일로 - 기타,기타불명,기타불명,미분류,기타불명,보행자,남,30세,부상신고
2019101100100101,2019년 10월 11일 06시,금요일,인천광역시 옹진군 백령면,사망사고,1,1,0,0,차대사람 - 차도통행중,안전운전불이행,포장 - 건조,기타,단일로 - 기타,승용,남,65세,상해없음,보행자,남,72세,사망
2019101100100379,2019년 10월 11일 14시,금요일,인천광역시 미추홀구 숭의동,경상사고,0,0,1,0,차대사람 - 횡단중,안전운전불이행,포장 - 건조,맑음,교차로 - 교차로안,승용,남,68세,상해없음,보행자,여,7세,경상
2019101100100424,2019년 10월 11일 15시,금요일,인천광역시 연수구 동춘동,경상사고,0,0,1,0,차대사람 - 차도통행중,보행자보호의무위반,포장 - 건조,맑음,교차로 - 교차로안,화물,남,72세,상해없음,보행자,여,8세,경상
2019101100100605,2019년 10월 11일 18시,금요일,인천광역시 계양구 작전동,부상신고사고,0,0,0,1,차대사람 - 기타,안전운전불이행,포장 - 건조,맑음,단일로 - 기타,승용,남,31세,상해없음,보행자,여,37세,부상신고
2019101200100060,2019년 10월 12일 01시,토요일,인천광역시 계양구 계산동,경상사고,0,0,1,0,차대사람 - 차도통행중,안전운전불이행,포장 - 건조,맑음,단일로 - 기타,승용,남,38세,상해없음,보행자,남,60세,경상
2019101200100277,2019년 10월 12일 11시,토요일,인천광역시 미추홀구 주안동,부상신고사고,0,0,0,1,차대사람 - 횡단중,안전운전불이행,포장 - 건조,맑음,단일로 - 기타,기타불명,기타불명,미분류,기타불명,보행자,여,51세,부상신고
2019101200100378,2019년 10월 12일 13시,토요일,인천광역시 계양구 작전동,경상사고,0,0,1,0,차대사람 - 기타,안전운전불이행,포장 - 건조,맑음,단일로 - 기타,개인형이동수단(PM),남,44세,상해없음,보행자,여,35세,경상
2019101200100424,2019년 10월 12일 14시,토요일,인천광역시 남동구 간석동,중상사고,0,1,0,0,차대사람 - 횡단중,신호위반,포장 - 건조,맑음,교차로 - 교차로횡단보도내,화물,남,62세,상해없음,보행자,남,17세,중상
2019101200100576,2019년 10월 12일 17시,토요일,인천광역시 남동구 간석동,경상사고,0,0,1,0,차대사람 - 횡단중,중앙선침범,포장 - 건조,맑음,교차로 - 교차로부근,승용,남,60세,상해없음,보행자,여,42세,경상
2019101300100081,2019년 10월 13일 05시,일요일,인천광역시 남동구 구월동,경상사고,0,0,1,0,차대사람 - 기타,보행자보호의무위반,포장 - 건조,맑음,단일로 - 기타,승용,남,21세,상해없음,보행자,남,24세,경상
2019101300100276,2019년 10월 13일 14시,일요일,인천광역시 서구 마전동,중상사고,0,1,0,0,차대사람 - 길가장자리구역통행중,안전운전불이행,포장 - 건조,맑음,단일로 - 기타,이륜,남,23세,상해없음,보행자,남,5세,중상
2019101300100376,2019년 10월 13일 17시,일요일,인천광역시 중구 신흥동3가,중상사고,0,1,0,0,차대사람 - 기타,기타,포장 - 건조,맑음,단일로 - 기타,승합,남,61세,상해없음,보행자,남,83세,중상
2019101400100147,2019년 10월 14일 08시,월요일,인천광역시 남동구 구월동,경상사고,0,0,1,0,차대사람 - 길가장자리구역통행중,안전운전불이행,포장 - 건조,맑음,단일로 - 기타,승용,여,27세,상해없음,보행자,여,56세,경상
2019101400100266,2019년 10월 14일 11시,월요일,인천광역시 미추홀구 주안동,중상사고,0,1,0,0,차대사람 - 횡단중,보행자보호의무위반,포장 - 건조,맑음,교차로 - 교차로안,건설기계,남,30세,상해없음,보행자,남,69세,중상
2019101400100307,2019년 10월 14일 12시,월요일,인천광역시 미추홀구 주안동,부상신고사고,0,0,0,1,차대사람 - 기타,안전운전불이행,포장 - 건조,맑음,단일로 - 기타,승용,남,64세,상해없음,보행자,남,33세,부상신고
2019101400100308,2019년 10월 14일 12시,월요일,인천광역시 강화군 내가면,경상사고,0,0,1,0,차대사람 - 횡단중,보행자보호의무위반,포장 - 건조,맑음,교차로 - 교차로횡단보도내,화물,남,76세,상해없음,보행자,남,72세,경상
2019101400100350,2019년 10월 14일 13시,월요일,인천광역시 부평구 부평동,중상사고,0,1,0,0,차대사람 - 횡단중,신호위반,포장 - 건조,맑음,교차로 - 교차로부근,승용,여,56세,상해없음,보행자,여,81세,중상
2019101400100532,2019년 10월 14일 17시,월요일,인천광역시 미추홀구 용현동,경상사고,0,0,1,0,차대사람 - 기타,안전운전불이행,포장 - 건조,맑음,단일로 - 기타,승용,남,58세,상해없음,보행자,여,26세,경상
2019101400100697,2019년 10월 14일 20시,월요일,인천광역시 서구 마전동,경상사고,0,0,1,0,차대사람 - 횡단중,신호위반,포장 - 건조,맑음,교차로 - 교차로횡단보도내,화물,남,31세,상해없음,보행자,여,59세,경상
2019101400100743,2019년 10월 14일 22시,월요일,인천광역시 서구 마전동,중상사고,0,1,0,0,차대사람 - 횡단중,안전운전불이행,포장 - 건조,맑음,교차로 - 교차로횡단보도내,승합,남,73세,상해없음,보행자,남,16세,중상
2019101500100089,2019년 10월 15일 06시,화요일,인천광역시 부평구 십정동,경상사고,0,0,1,0,차대사람 - 길가장자리구역통행중,안전운전불이행,포장 - 건조,맑음,단일로 - 기타,화물,남,49세,상해없음,보행자,남,20세,경상
2019101500100152,2019년 10월 15일 08시,화요일,인천광역시 미추홀구 용현동,중상사고,0,1,0,0,차대사람 - 횡단중,신호위반,포장 - 건조,맑음,교차로 - 교차로횡단보도내,승용,남,77세,상해없음,보행자,여,28세,중상
2019101500100154,2019년 10월 15일 08시,화요일,인천광역시 서구 검암동,부상신고사고,0,0,0,1,차대사람 - 차도통행중,안전운전불이행,포장 - 건조,맑음,단일로 - 기타,승용,남,66세,상해없음,보행자,남,13세,부상신고
2019101500100199,2019년 10월 15일 09시,화요일,인천광역시 중구 전동,중상사고,0,1,0,0,차대사람 - 횡단중,신호위반,포장 - 건조,맑음,교차로 - 교차로횡단보도내,승합,남,75세,상해없음,보행자,여,76세,중상
2019101500100286,2019년 10월 15일 11시,화요일,인천광역시 계양구 작전동,중상사고,0,1,0,0,차대사람 - 횡단중,보행자보호의무위반,포장 - 건조,맑음,교차로 - 교차로횡단보도내,승용,남,19세,상해없음,보행자,여,41세,중상
2019101500100449,2019년 10월 15일 15시,화요일,인천광역시 중구 북성동1가,중상사고,0,1,0,0,차대사람 - 기타,안전운전불이행,포장 - 건조,맑음,단일로 - 기타,화물,남,51세,상해없음,보행자,남,72세,중상
2019101500100451,2019년 10월 15일 15시,화요일,인천광역시 남동구 서창동,경상사고,0,0,1,0,차대사람 - 횡단중,안전운전불이행,포장 - 건조,맑음,교차로 - 교차로안,승합,남,67세,상해없음,보행자,여,12세,경상
2019101500100654,2019년 10월 15일 19시,화요일,인천광역시 남동구 만수동,경상사고,0,0,1,0,차대사람 - 길가장자리구역통행중,안전운전불이행,포장 - 건조,맑음,단일로 - 기타,승용,남,56세,상해없음,보행자,남,16세,경상
2019101600100124,2019년 10월 16일 07시,수요일,인천광역시 남동구 만수동,중상사고,0,1,0,0,차대사람 - 횡단중,안전운전불이행,포장 - 건조,맑음,단일로 - 기타,승용,여,28세,상해없음,보행자,여,31세,중상
2019101600100263,2019년 10월 16일 10시,수요일,인천광역시 남동구 논현동,경상사고,0,0,1,0,차대사람 - 기타,안전운전불이행,포장 - 건조,맑음,교차로 - 교차로안,승용,여,48세,상해없음,보행자,남,24세,경상
2019101600100413,2019년 10월 16일 14시,수요일,인천광역시 미추홀구 도화동,사망사고,1,0,0,0,차대사람 - 기타,안전운전불이행,포장 - 건조,맑음,교차로 - 교차로횡단보도내,화물,남,56세,상해없음,보행자,남,75세,사망
2019101600100640,2019년 10월 16일 19시,수요일,인천광역시 연수구 연수동,경상사고,0,0,1,0,차대사람 - 길가장자리구역통행중,안전운전불이행,포장 - 건조,맑음,교차로 - 교차로안,승용,여,42세,상해없음,보행자,남,48세,경상
2019101700100043,2019년 10월 17일 01시,목요일,인천광역시 미추홀구 주안동,중상사고,0,1,0,0,차대사람 - 기타,안전운전불이행,포장 - 건조,흐림,단일로 - 기타,승용,남,24세,상해없음,보행자,여,41세,중상
2019101700100267,2019년 10월 17일 11시,목요일,인천광역시 남동구 간석동,경상사고,0,0,1,0,차대사람 - 횡단중,안전운전불이행,포장 - 건조,맑음,교차로 - 교차로안,승용,남,60세,상해없음,보행자,남,49세,경상
2019101700100298,2019년 10월 17일 12시,목요일,인천광역시 부평구 청천동,경상사고,0,0,1,0,차대사람 - 기타,안전운전불이행,포장 - 건조,맑음,단일로 - 기타,기타불명,남,25세,상해없음,보행자,남,45세,경상
2019101700100557,2019년 10월 17일 18시,목요일,인천광역시 부평구 부평동,중상사고,0,1,0,0,차대사람 - 기타,안전운전불이행,포장 - 건조,기타,교차로 - 교차로부근,이륜,남,68세,상해없음,보행자,여,13세,중상
2019101700100684,2019년 10월 17일 23시,목요일,인천광역시 부평구 부평동,경상사고,0,0,1,0,차대사람 - 기타,안전운전불이행,포장 - 건조,맑음,교차로 - 교차로부근,이륜,남,22세,상해없음,보행자,남,29세,경상
2019101800100188,2019년 10월 18일 08시,금요일,인천광역시 서구 원당동,경상사고,0,0,1,0,차대사람 - 횡단중,신호위반,포장 - 건조,맑음,교차로 - 교차로안,승용,여,48세,상해없음,보행자,여,13세,경상
2019101800100233,2019년 10월 18일 09시,금요일,인천광역시 서구 원당동,경상사고,0,0,1,0,차대사람 - 기타,안전운전불이행,포장 - 건조,맑음,단일로 - 기타,승용,여,50세,상해없음,보행자,남,5세,경상
2019101800100504,2019년 10월 18일 16시,금요일,인천광역시 계양구 계산동,경상사고,0,0,1,0,차대사람 - 기타,안전운전불이행,포장 - 건조,맑음,단일로 - 기타,이륜,남,30세,상해없음,보행자,남,53세,경상
2019101900100047,2019년 10월 19일 00시,토요일,인천광역시 연수구 연수동,중상사고,0,1,0,0,차대사람 - 횡단중,보행자보호의무위반,포장 - 건조,맑음,단일로 - 기타,승합,남,54세,상해없음,보행자,여,21세,중상
2019101900100130,2019년 10월 19일 06시,토요일,인천광역시 부평구 부평동,중상사고,0,1,0,0,차대사람 - 횡단중,보행자보호의무위반,포장 - 건조,맑음,교차로 - 교차로횡단보도내,승용,남,64세,상해없음,보행자,여,62세,중상
2019101900100195,2019년 10월 19일 09시,토요일,인천광역시 미추홀구 학익동,경상사고,0,0,1,0,차대사람 - 횡단중,보행자보호의무위반,포장 - 건조,맑음,교차로 - 교차로횡단보도내,승용,남,51세,상해없음,보행자,남,48세,경상
2019101900100271,2019년 10월 19일 11시,토요일,인천광역시 부평구 부평동,부상신고사고,0,0,0,1,차대사람 - 보도통행중,보행자보호의무위반,포장 - 건조,맑음,단일로 - 기타,승용,남,63세,상해없음,보행자,여,69세,부상신고
2019101900100472,2019년 10월 19일 16시,토요일,인천광역시 서구 심곡동,중상사고,0,1,0,0,차대사람 - 기타,안전운전불이행,포장 - 건조,맑음,교차로 - 교차로부근,승용,여,33세,상해없음,보행자,남,47세,중상
2019101900100714,2019년 10월 19일 23시,토요일,인천광역시 미추홀구 도화동,경상사고,0,0,2,0,차대사람 - 횡단중,신호위반,포장 - 건조,맑음,단일로 - 기타,승용,남,60세,상해없음,보행자,남,42세,경상
2019102000100066,2019년 10월 20일 02시,일요일,인천광역시 미추홀구 주안동,사망사고,1,0,0,0,차대사람 - 차도통행중,과속,포장 - 건조,맑음,단일로 - 기타,이륜,남,16세,상해없음,보행자,남,44세,사망
2019102000100092,2019년 10월 20일 05시,일요일,인천광역시 중구 경동,중상사고,0,1,0,0,차대사람 - 차도통행중,안전운전불이행,포장 - 건조,맑음,단일로 - 기타,승용,여,40세,상해없음,보행자,남,90세 이상,중상
2019102000100093,2019년 10월 20일 05시,일요일,인천광역시 계양구 작전동,중상사고,0,1,0,0,차대사람 - 횡단중,보행자보호의무위반,포장 - 건조,맑음,단일로 - 기타,승용,남,69세,상해없음,보행자,여,62세,중상
2019102000100334,2019년 10월 20일 15시,일요일,인천광역시 남동구 장수동,경상사고,0,0,1,0,차대사람 - 기타,안전운전불이행,포장 - 건조,맑음,단일로 - 기타,자전거,남,14세,상해없음,보행자,여,35세,경상
2019102000100402,2019년 10월 20일 17시,일요일,인천광역시 남동구 구월동,경상사고,0,0,1,0,차대사람 - 기타,안전운전불이행,포장 - 건조,맑음,기타 - 기타,기타불명,기타불명,미분류,기타불명,보행자,여,24세,경상
2019102000100528,2019년 10월 20일 21시,일요일,인천광역시 남동구 논현동,경상사고,0,0,1,0,차대사람 - 기타,안전운전불이행,포장 - 건조,맑음,단일로 - 기타,기타불명,기타불명,미분류,기타불명,보행자,여,24세,경상
2019102100100327,2019년 10월 21일 12시,월요일,인천광역시 부평구 청천동,경상사고,0,0,1,0,차대사람 - 길가장자리구역통행중,안전운전불이행,포장 - 건조,맑음,단일로 - 기타,승용,여,23세,상해없음,보행자,여,58세,경상
2019102100100496,2019년 10월 21일 16시,월요일,인천광역시 남동구 만수동,경상사고,0,0,1,0,차대사람 - 횡단중,신호위반,포장 - 건조,맑음,교차로 - 교차로안,승용,남,68세,상해없음,보행자,남,6세,경상
2019102100100541,2019년 10월 21일 17시,월요일,인천광역시 서구 공촌동,경상사고,0,0,1,0,차대사람 - 기타,안전운전불이행,포장 - 건조,맑음,기타 - 기타,승용,여,59세,상해없음,보행자,남,7세,경상
2019102100100601,2019년 10월 21일 18시,월요일,인천광역시 미추홀구 주안동,경상사고,0,0,1,0,차대사람 - 차도통행중,교차로운행방법위반,포장 - 건조,맑음,교차로 - 교차로안,승용,여,61세,상해없음,보행자,남,59세,경상
2019102100100602,2019년 10월 21일 18시,월요일,인천광역시 남동구 만수동,경상사고,0,0,1,0,차대사람 - 횡단중,보행자보호의무위반,포장 - 건조,맑음,교차로 - 교차로횡단보도내,승용,남,28세,상해없음,보행자,여,18세,경상
2019102100100692,2019년 10월 21일 21시,월요일,인천광역시 계양구 계산동,부상신고사고,0,0,0,1,차대사람 - 기타,안전운전불이행,포장 - 건조,맑음,단일로 - 기타,승용,남,26세,상해없음,보행자,남,51세,부상신고
2019102100100732,2019년 10월 21일 23시,월요일,인천광역시 중구 운서동,경상사고,0,0,1,0,차대사람 - 횡단중,보행자보호의무위반,포장 - 건조,맑음,교차로 - 교차로안,승용,여,33세,상해없음,보행자,여,57세,경상
2019102200100089,2019년 10월 22일 06시,화요일,인천광역시 남동구 구월동,부상신고사고,0,0,0,1,차대사람 - 횡단중,안전운전불이행,포장 - 건조,흐림,교차로 - 교차로부근,승용,남,53세,상해없음,보행자,남,73세,부상신고
2019102200100176,2019년 10월 22일 08시,화요일,인천광역시 남동구 고잔동,경상사고,0,0,1,0,차대사람 - 기타,안전운전불이행,포장 - 건조,맑음,단일로 - 기타,승합,남,61세,상해없음,보행자,여,30세,경상
2019102200100345,2019년 10월 22일 13시,화요일,인천광역시 동구 송현동,중상사고,0,1,0,0,차대사람 - 횡단중,보행자보호의무위반,포장 - 건조,맑음,교차로 - 교차로횡단보도내,화물,남,60세,상해없음,보행자,여,65세,중상
2019102200100346,2019년 10월 22일 13시,화요일,인천광역시 미추홀구 주안동,경상사고,0,0,1,0,차대사람 - 기타,안전운전불이행,포장 - 건조,맑음,단일로 - 기타,승용,남,41세,상해없음,보행자,남,77세,경상
2019102200100565,2019년 10월 22일 18시,화요일,인천광역시 계양구 작전동,경상사고,0,0,1,0,차대사람 - 횡단중,보행자보호의무위반,포장 - 건조,맑음,교차로 - 교차로횡단보도내,승용,남,74세,상해없음,보행자,여,47세,경상
2019102200100739,2019년 10월 22일 23시,화요일,인천광역시 연수구 옥련동,경상사고,0,0,1,0,차대사람 - 횡단중,보행자보호의무위반,포장 - 건조,맑음,교차로 - 교차로횡단보도내,승용,여,44세,상해없음,보행자,남,22세,경상
2019102300100077,2019년 10월 23일 05시,수요일,인천광역시 부평구 산곡동,경상사고,0,0,1,0,차대사람 - 횡단중,안전운전불이행,포장 - 건조,맑음,교차로 - 교차로부근,승용,남,62세,상해없음,보행자,남,75세,경상
2019102300100188,2019년 10월 23일 09시,수요일,인천광역시 미추홀구 주안동,중상사고,0,1,0,0,차대사람 - 기타,안전운전불이행,포장 - 건조,맑음,단일로 - 기타,화물,남,44세,상해없음,보행자,남,74세,중상
2019102300100341,2019년 10월 23일 14시,수요일,인천광역시 미추홀구 주안동,경상사고,0,0,1,0,차대사람 - 기타,안전운전불이행,포장 - 건조,맑음,기타 - 기타,자전거,남,77세,상해없음,보행자,여,49세,경상
2019102300100419,2019년 10월 23일 16시,수요일,인천광역시 남동구 구월동,중상사고,0,1,0,0,차대사람 - 차도통행중,보행자보호의무위반,포장 - 건조,맑음,기타 - 기타,승용,남,40세,상해없음,보행자,남,12세,중상
2019102300100679,2019년 10월 23일 23시,수요일,인천광역시 연수구 옥련동,경상사고,0,0,1,0,차대사람 - 기타,안전운전불이행,포장 - 건조,맑음,단일로 - 기타,승용,남,21세,상해없음,보행자,여,46세,경상
2019102400100163,2019년 10월 24일 08시,목요일,인천광역시 서구 청라동,경상사고,0,0,1,0,차대사람 - 차도통행중,신호위반,포장 - 건조,맑음,단일로 - 기타,승합,남,71세,상해없음,보행자,여,9세,경상
2019102400100165,2019년 10월 24일 08시,목요일,인천광역시 남동구 만수동,부상신고사고,0,0,0,1,차대사람 - 길가장자리구역통행중,안전운전불이행,포장 - 건조,맑음,단일로 - 기타,승용,남,27세,상해없음,보행자,남,58세,부상신고