사고번호,사고일시,요일,시군구,사고내용,사망자수,중상자수,경상자수,부상신고자수,사고유형,법규위반,노면상태,기상상태,도로형태,가해운전자 차종,가해운전자 성별,가해운전자 연령,가해운전자 상해정도,피해운전자 차종,피해운전자 성별,피해운전자 연령,피해운전자 상해정도
2019120100100121,2019년 12월 1일 06시,일요일,인천광역시 계양구 계산동,중상사고,0,1,0,0,차대사람 - 횡단중,안전운전불이행,포장 - 건조,맑음,단일로 - 기타,승용,여,57세,상해없음,보행자,여,63세,중상
2019120100100227,2019년 12월 1일 12시,일요일,인천광역시 계양구 병방동,중상사고,0,1,0,0,차대사람 - 횡단중,신호위반,포장 - 젖음/습기,비,교차로 - 교차로횡단보도내,승용,여,30세,기타불명,보행자,여,47세,중상
2019120100100534,2019년 12월 1일 20시,일요일,인천광역시 남동구 구월동,중상사고,0,1,0,0,차대사람 - 횡단중,신호위반,포장 - 젖음/습기,흐림,교차로 - 교차로횡단보도내,승용,여,45세,상해없음,보행자,여,54세,중상
2019120200100071,2019년 12월 2일 06시,월요일,인천광역시 미추홀구 용현동,중상사고,0,1,0,0,차대사람 - 기타,안전운전불이행,포장 - 건조,맑음,단일로 - 기타,승용,남,37세,상해없음,보행자,여,80세,중상
2019120200100128,2019년 12월 2일 08시,월요일,인천광역시 남동구 만수동,경상사고,0,0,1,0,차대사람 - 기타,안전운전불이행,포장 - 건조,맑음,기타 - 기타,승용,여,51세,상해없음,보행자,남,13세,경상
2019120200100314,2019년 12월 2일 14시,월요일,인천광역시 서구 경서동,중상사고,0,1,0,0,차대사람 - 기타,안전운전불이행,포장 - 건조,맑음,단일로 - 기타,승용,남,59세,상해없음,보행자,남,58세,중상
2019120200100575,2019년 12월 2일 20시,월요일,인천광역시 계양구 효성동,중상사고,0,1,0,0,차대사람 - 횡단중,중앙선침범,포장 - 건조,맑음,단일로 - 기타,이륜,남,19세,상해없음,보행자,여,21세,중상
2019120200100642,2019년 12월 2일 23시,월요일,인천광역시 계양구 계산동,경상사고,0,0,1,0,차대사람 - 기타,안전운전불이행,포장 - 건조,맑음,교차로 - 교차로안,승용,남,57세,상해없음,보행자,남,36세,경상
2019120300100063,2019년 12월 3일 05시,화요일,인천광역시 미추홀구 주안동,부상신고사고,0,0,0,1,차대사람 - 기타,안전운전불이행,포장 - 젖음/습기,맑음,기타 - 기타,기타불명,기타불명,미분류,기타불명,보행자,여,50세,부상신고
2019120300100192,2019년 12월 3일 09시,화요일,인천광역시 중구 도원동,중상사고,0,1,0,0,차대사람 - 횡단중,안전운전불이행,포장 - 건조,맑음,교차로 - 교차로안,화물,남,73세,상해없음,보행자,남,82세,중상
2019120300100399,2019년 12월 3일 15시,화요일,인천광역시 부평구 십정동,중상사고,0,1,0,0,차대사람 - 횡단중,보행자보호의무위반,포장 - 건조,맑음,교차로 - 교차로횡단보도내,건설기계,남,33세,상해없음,보행자,남,14세,중상
2019120300100400,2019년 12월 3일 15시,화요일,인천광역시 부평구 부평동,중상사고,0,1,0,0,차대사람 - 횡단중,신호위반,포장 - 건조,맑음,단일로 - 기타,이륜,남,24세,기타불명,보행자,여,18세,중상
2019120300100401,2019년 12월 3일 15시,화요일,인천광역시 계양구 계산동,부상신고사고,0,0,0,1,차대사람 - 기타,안전운전불이행,포장 - 건조,맑음,단일로 - 기타,화물,남,52세,상해없음,보행자,여,34세,부상신고
2019120300100428,2019년 12월 3일 16시,화요일,인천광역시 남동구 장수동,부상신고사고,0,0,0,1,차대사람 - 기타,기타,포장 - 건조,맑음,단일로 - 기타,승합,남,61세,상해없음,보행자,여,67세,부상신고
2019120300100526,2019년 12월 3일 18시,화요일,인천광역시 연수구 송도동,중상사고,0,1,0,0,차대사람 - 횡단중,보행자보호의무위반,포장 - 젖음/습기,흐림,교차로 - 교차로횡단보도내,승용,남,39세,상해없음,보행자,여,28세,중상
2019120300100620,2019년 12월 3일 21시,화요일,인천광역시 미추홀구 도화동,경상사고,0,0,1,0,차대사람 - 기타,안전운전불이행,포장 - 젖음/습기,비,단일로 - 기타,승용,남,19세,상해없음,보행자,남,38세,경상
2019120400100068,2019년 12월 4일 02시,수요일,인천광역시 미추홀구 주안동,경상사고,0,0,1,0,차대사람 - 횡단중,신호위반,포장 - 건조,흐림,교차로 - 교차로횡단보도내,이륜,남,45세,상해없음,보행자,여,26세,경상
2019120400100157,2019년 12월 4일 06시,수요일,인천광역시 서구 청라동,중상사고,0,1,0,0,차대사람 - 횡단중,안전운전불이행,포장 - 건조,맑음,단일로 - 기타,승용,남,27세,상해없음,보행자,남,63세,중상
2019120400100267,2019년 12월 4일 09시,수요일,인천광역시 미추홀구 주안동,부상신고사고,0,0,0,1,차대사람 - 기타,안전운전불이행,포장 - 건조,맑음,단일로 - 기타,승용,여,62세,기타불명,보행자,여,67세,부상신고
2019120400100354,2019년 12월 4일 11시,수요일,인천광역시 미추홀구 주안동,중상사고,0,1,0,0,차대사람 - 차도통행중,교차로운행방법위반,포장 - 건조,맑음,교차로 - 교차로안,승용,남,50세,상해없음,보행자,여,66세,중상
2019120400100437,2019년 12월 4일 14시,수요일,인천광역시 미추홀구 주안동,중상사고,0,1,0,0,차대사람 - 횡단중,신호위반,포장 - 건조,맑음,단일로 - 기타,승용,남,27세,상해없음,보행자,여,52세,중상
2019120400100503,2019년 12월 4일 16시,수요일,인천광역시 부평구 삼산동,중상사고,0,1,0,0,차대사람 - 차도통행중,안전운전불이행,포장 - 건조,맑음,단일로 - 기타,승용,여,34세,상해없음,보행자,남,54세,중상
2019120400100608,2019년 12월 4일 18시,수요일,인천광역시 부평구 갈산동,경상사고,0,0,1,0,차대사람 - 기타,안전운전불이행,포장 - 건조,맑음,단일로 - 기타,화물,남,49세,상해없음,보행자,여,27세,경상
2019120500100042,2019년 12월 5일 00시,목요일,인천광역시 서구 공촌동,중상사고,0,1,0,0,차대사람 - 횡단중,안전운전불이행,포장 - 건조,맑음,교차로 - 교차로부근,승용,남,65세,상해없음,보행자,남,51세,중상
2019120500100227,2019년 12월 5일 10시,목요일,인천광역시 부평구 부평동,중상사고,0,1,0,0,차대사람 - 길가장자리구역통행중,안전운전불이행,포장 - 건조,맑음,단일로 - 기타,화물,남,29세,상해없음,보행자,여,35세,중상
2019120500100259,2019년 12월 5일 11시,목요일,인천광역시 부평구 부평동,사망사고,1,0,0,0,차대사람 - 횡단중,안전운전불이행,포장 - 건조,맑음,단일로 - 기타,건설기계,남,55세,상해없음,보행자,여,81세,사망
2019120500100289,2019년 12월 5일 12시,목요일,인천광역시 부평구 부평동,중상사고,0,1,0,0,차대사람 - 횡단중,보행자보호의무위반,포장 - 건조,맑음,교차로 - 교차로안,승용,여,34세,상해없음,보행자,남,33세,중상
2019120500100355,2019년 12월 5일 14시,목요일,인천광역시 미추홀구 학익동,부상신고사고,0,0,0,1,차대사람 - 기타,안전운전불이행,포장 - 건조,맑음,단일로 - 기타,승용,남,68세,상해없음,보행자,남,29세,부상신고
2019120500100431,2019년 12월 5일 16시,목요일,인천광역시 서구 가좌동,중상사고,0,1,0,0,차대사람 - 횡단중,보행자보호의무위반,포장 - 건조,맑음,교차로 - 교차로횡단보도내,승용,여,37세,상해없음,보행자,여,83세,중상
2019120500100432,2019년 12월 5일 16시,목요일,인천광역시 연수구 연수동,중상사고,0,1,0,0,차대사람 - 횡단중,안전운전불이행,포장 - 건조,맑음,교차로 - 교차로횡단보도내,승용,여,52세,상해없음,보행자,여,76세,중상
2019120500100486,2019년 12월 5일 17시,목요일,인천광역시 중구 운서동,경상사고,0,0,1,0,차대사람 - 횡단중,보행자보호의무위반,포장 - 건조,맑음,교차로 - 교차로횡단보도내,승용,남,72세,상해없음,보행자,여,46세,경상
2019120500100583,2019년 12월 5일 19시,목요일,인천광역시 남동구 간석동,중상사고,0,1,0,0,차대사람 - 횡단중,안전운전불이행,포장 - 건조,흐림,교차로 - 교차로부근,화물,남,57세,상해없음,보행자,남,81세,중상
2019120500100615,2019년 12월 5일 20시,목요일,인천광역시 서구 경서동,중상사고,0,1,0,0,차대사람 - 횡단중,보행자보호의무위반,포장 - 건조,맑음,교차로 - 교차로횡단보도내,승용,남,64세,상해없음,보행자,여,65세,중상
2019120600100093,2019년 12월 6일 06시,금요일,인천광역시 계양구 계산동,중상사고,0,1,0,0,차대사람 - 횡단중,신호위반,포장 - 건조,맑음,교차로 - 교차로안,화물,남,58세,상해없음,보행자,남,45세,중상
2019120600100266,2019년 12월 6일 11시,금요일,인천광역시 미추홀구 숭의동,중상사고,0,1,0,0,차대사람 - 횡단중,신호위반,포장 - 건조,맑음,교차로 - 교차로횡단보도내,승용,남,60세,상해없음,보행자,여,71세,중상
2019120600100728,2019년 12월 6일 22시,금요일,인천광역시 서구 왕길동,경상사고,0,0,1,0,차대사람 - 기타,보행자보호의무위반,포장 - 건조,맑음,교차로 - 교차로안,승합,남,20세,상해없음,보행자,남,25세,경상
2019120700100196,2019년 12월 7일 10시,토요일,인천광역시 남동구 구월동,경상사고,0,0,1,0,차대사람 - 기타,안전운전불이행,포장 - 건조,맑음,단일로 - 기타,승용,남,64세,기타불명,보행자,여,61세,경상
2019120700100457,2019년 12월 7일 17시,토요일,인천광역시 연수구 옥련동,경상사고,0,0,1,0,차대사람 - 보도통행중,기타,포장 - 건조,맑음,단일로 - 기타,승합,남,55세,상해없음,보행자,여,63세,경상
2019120700100505,2019년 12월 7일 18시,토요일,인천광역시 서구 마전동,경상사고,0,0,1,0,차대사람 - 횡단중,안전운전불이행,포장 - 건조,맑음,단일로 - 기타,승용,남,60세,상해없음,보행자,남,26세,경상
2019120700100630,2019년 12월 7일 21시,토요일,인천광역시 부평구 부평동,경상사고,0,0,1,0,차대사람 - 기타,안전운전불이행,포장 - 건조,맑음,단일로 - 기타,승용,여,39세,상해없음,보행자,여,32세,경상
2019120800100150,2019년 12월 8일 08시,일요일,인천광역시 미추홀구 주안동,부상신고사고,0,0,0,1,차대사람 - 길가장자리구역통행중,안전운전불이행,포장 - 건조,맑음,단일로 - 기타,승용,남,28세,기타불명,보행자,여,33세,부상신고
2019120800100380,2019년 12월 8일 17시,일요일,인천광역시 미추홀구 주안동,경상사고,0,0,1,0,차대사람 - 기타,안전거리미확보,포장 - 건조,맑음,교차로 - 교차로부근,승합,남,60세,상해없음,보행자,남,79세,경상
2019120800100381,2019년 12월 8일 17시,일요일,인천광역시 서구 석남동,경상사고,0,0,1,0,차대사람 - 기타,안전운전불이행,포장 - 건조,맑음,교차로 - 교차로안,승합,남,51세,상해없음,보행자,여,59세,경상
2019120800100462,2019년 12월 8일 20시,일요일,인천광역시 미추홀구 주안동,경상사고,0,0,1,0,차대사람 - 기타,안전운전불이행,포장 - 건조,맑음,단일로 - 기타,승용,남,48세,상해없음,보행자,남,36세,경상
2019120900100092,2019년 12월 9일 06시,월요일,인천광역시 미추홀구 용현동,중상사고,0,1,0,0,차대사람 - 횡단중,안전운전불이행,포장 - 건조,맑음,교차로 - 교차로부근,승용,남,79세,상해없음,보행자,여,62세,중상
2019120900100362,2019년 12월 9일 14시,월요일,인천광역시 계양구 임학동,경상사고,0,0,1,0,차대사람 - 길가장자리구역통행중,안전운전불이행,포장 - 건조,맑음,단일로 - 기타,승용,여,44세,상해없음,보행자,여,65세,경상
2019120900100400,2019년 12월 9일 15시,월요일,인천광역시 서구 가좌동,경상사고,0,0,1,0,차대사람 - 기타,안전운전불이행,포장 - 건조,맑음,단일로 - 기타,승용,남,75세,상해없음,보행자,여,36세,경상
2019120900100481,2019년 12월 9일 17시,월요일,인천광역시 서구 오류동,중상사고,0,1,0,0,차대사람 - 횡단중,신호위반,포장 - 건조,맑음,교차로 - 교차로안,승용,여,54세,상해없음,보행자,여,54세,중상
2019120900100524,2019년 12월 9일 18시,월요일,인천광역시 미추홀구 도화동,중상사고,0,1,0,0,차대사람 - 기타,안전운전불이행,포장 - 건조,기타,교차로 - 교차로안,승합,남,59세,상해없음,보행자,남,60세,중상
2019120900100528,2019년 12월 9일 18시,월요일,인천광역시 계양구 작전동,경상사고,0,0,1,0,차대사람 - 기타,안전운전불이행,포장 - 건조,맑음,단일로 - 기타,승용,남,40세,상해없음,보행자,남,61세,경상
2019121000100181,2019년 12월 10일 08시,화요일,인천광역시 남동구 구월동,경상사고,0,0,1,0,차대사람 - 횡단중,보행자보호의무위반,포장 - 건조,맑음,교차로 - 교차로안,승용,남,44세,상해없음,보행자,남,13세,경상
2019121000100214,2019년 12월 10일 09시,화요일,인천광역시 연수구 동춘동,경상사고,0,0,1,0,차대사람 - 길가장자리구역통행중,안전운전불이행,포장 - 건조,맑음,단일로 - 기타,이륜,남,45세,상해없음,보행자,여,51세,경상
2019121000100387,2019년 12월 10일 15시,화요일,인천광역시 미추홀구 주안동,부상신고사고,0,0,0,1,차대사람 - 기타,안전운전불이행,포장 - 건조,맑음,기타 - 기타,화물,남,48세,상해없음,보행자,남,9세,부상신고
2019121000100388,2019년 12월 10일 15시,화요일,인천광역시 부평구 청천동,중상사고,0,1,0,0,차대사람 - 기타,안전운전불이행,포장 - 건조,맑음,교차로 - 교차로안,화물,남,35세,상해없음,보행자,여,56세,중상
2019121000100389,2019년 12월 10일 15시,화요일,인천광역시 부평구 산곡동,부상신고사고,0,0,0,1,차대사람 - 차도통행중,안전운전불이행,포장 - 건조,맑음,단일로 - 기타,기타불명,기타불명,미분류,기타불명,보행자,여,77세,부상신고
2019121000100424,2019년 12월 10일 16시,화요일,인천광역시 남동구 만수동,경상사고,0,0,1,0,차대사람 - 길가장자리구역통행중,안전운전불이행,포장 - 건조,맑음,단일로 - 기타,승용,여,43세,상해없음,보행자,여,21세,경상
2019121000100478,2019년 12월 10일 17시,화요일,인천광역시 강화군 불은면,경상사고,0,0,1,0,차대사람 - 기타,안전운전불이행,포장 - 젖음/습기,흐림,단일로 - 기타,승용,여,62세,상해없음,보행자,여,90세 이상,경상
2019121000100479,2019년 12월 10일 17시,화요일,인천광역시 연수구 연수동,경상사고,0,0,1,0,차대사람 - 기타,안전운전불이행,포장 - 건조,맑음,교차로 - 교차로부근,승용,여,53세,상해없음,보행자,남,47세,경상
2019121100100364,2019년 12월 11일 15시,수요일,인천광역시 부평구 십정동,중상사고,0,1,0,0,차대사람 - 횡단중,신호위반,포장 - 건조,맑음,단일로 - 기타,승용,남,58세,상해없음,보행자,여,61세,중상
2019121100100366,2019년 12월 11일 15시,수요일,인천광역시 부평구 부평동,경상사고,0,0,1,0,차대사람 - 차도통행중,안전운전불이행,포장 - 건조,맑음,단일로 - 기타,승용,여,25세,상해없음,보행자,여,8세,경상
2019121100100453,2019년 12월 11일 17시,수요일,인천광역시 연수구 연수동,중상사고,0,1,0,0,차대사람 - 횡단중,보행자보호의무위반,포장 - 건조,맑음,교차로 - 교차로횡단보도내,승용,남,38세,상해없음,보행자,남,4세,중상
2019121100100515,2019년 12월 11일 18시,수요일,인천광역시 남동구 남촌동,경상사고,0,0,1,0,차대사람 - 횡단중,교차로운행방법위반,포장 - 건조,맑음,교차로 - 교차로안,승용,남,57세,상해없음,보행자,여,52세,경상
2019121100100625,2019년 12월 11일 22시,수요일,인천광역시 남동구 간석동,경상사고,0,0,1,0,차대사람 - 기타,안전운전불이행,포장 - 건조,맑음,단일로 - 기타,승용,남,65세,상해없음,보행자,남,51세,경상
2019121200100182,2019년 12월 12일 08시,목요일,인천광역시 서구 불로동,중상사고,0,1,0,0,차대사람 - 횡단중,신호위반,포장 - 건조,맑음,교차로 - 교차로횡단보도내,승합,남,64세,상해없음,보행자,여,11세,중상
2019121200100487,2019년 12월 12일 17시,목요일,인천광역시 부평구 십정동,경상사고,0,0,1,0,차대사람 - 길가장자리구역통행중,안전운전불이행,포장 - 건조,맑음,단일로 - 기타,기타불명,기타불명,미분류,기타불명,보행자,남,43세,경상
2019121200100571,2019년 12월 12일 18시,목요일,인천광역시 계양구 작전동,경상사고,0,0,1,0,차대사람 - 기타,기타,포장 - 건조,맑음,기타 - 기타,승합,남,40세,상해없음,보행자,여,26세,경상
2019121200100663,2019년 12월 12일 21시,목요일,인천광역시 부평구 부개동,경상사고,0,0,1,0,차대사람 - 횡단중,보행자보호의무위반,포장 - 건조,맑음,교차로 - 교차로부근,승용,남,55세,상해없음,보행자,남,64세,경상
2019121200100689,2019년 12월 12일 22시,목요일,인천광역시 부평구 부평동,중상사고,0,1,0,0,차대사람 - 횡단중,신호위반,포장 - 건조,맑음,교차로 - 교차로횡단보도내,이륜,남,26세,상해없음,보행자,남,57세,중상
2019121300100313,2019년 12월 13일 13시,금요일,인천광역시 계양구 동양동,중상사고,0,1,0,0,차대사람 - 횡단중,보행자보호의무위반,포장 - 건조,맑음,교차로 - 교차로횡단보도내,승용,남,57세,상해없음,보행자,여,69세,중상
2019121300100392,2019년 12월 13일 15시,금요일,인천광역시 부평구 부평동,중상사고,0,1,0,0,차대사람 - 기타,안전운전불이행,포장 - 건조,맑음,단일로 - 기타,승용,남,65세,상해없음,보행자,남,7세,중상
2019121300100511,2019년 12월 13일 17시,금요일,인천광역시 미추홀구 주안동,경상사고,0,0,1,0,차대사람 - 기타,안전운전불이행,포장 - 건조,맑음,단일로 - 기타,승합,남,47세,상해없음,보행자,남,58세,경상
2019121300100711,2019년 12월 13일 21시,금요일,인천광역시 계양구 작전동,경상사고,0,0,1,0,차대사람 - 기타,안전운전불이행,포장 - 건조,맑음,단일로 - 기타,승합,남,55세,상해없음,보행자,여,57세,경상
2019121400100064,2019년 12월 14일 01시,토요일,인천광역시 남동구 구월동,경상사고,0,0,1,0,차대사람 - 차도통행중,안전운전불이행,포장 - 젖음/습기,비,단일로 - 기타,승용,남,69세,상해없음,보행자,남,29세,경상
2019121400100326,2019년 12월 14일 11시,토요일,인천광역시 미추홀구 용현동,부상신고사고,0,0,0,1,차대사람 - 기타,안전운전불이행,포장 - 건조,맑음,단일로 - 기타,승용,남,58세,상해없음,보행자,남,81세,부상신고
2019121400100328,2019년 12월 14일 11시,토요일,인천광역시 서구 왕길동,경상사고,0,0,1,0,차대사람 - 기타,기타,포장 - 건조,맑음,단일로 - 기타,기타불명,기타불명,미분류,기타불명,보행자,남,12세,경상
2019121400100581,2019년 12월 14일 17시,토요일,인천광역시 서구 당하동,중상사고,0,1,0,0,차대사람 - 횡단중,안전운전불이행,포장 - 건조,맑음,교차로 - 교차로횡단보도내,승합,남,69세,상해없음,보행자,여,65세,중상
2019121400100638,2019년 12월 14일 18시,토요일,인천광역시 미추홀구 용현동,경상사고,0,0,1,0,차대사람 - 길가장자리구역통행중,안전운전불이행,포장 - 건조,맑음,기타 - 기타,승용,남,29세,상해없음,보행자,남,24세,경상
2019121400100639,2019년 12월 14일 18시,토요일,인천광역시 부평구 부평동,경상사고,0,0,1,0,차대사람 - 보도통행중,신호위반,포장 - 건조,맑음,교차로 - 교차로부근,사륜오토바이(ATV),남,28세,상해없음,보행자,남,35세,경상
2019121500100103,2019년 12월 15일 05시,일요일,인천광역시 연수구 연수동,중상사고,0,1,0,0,차대사람 - 기타,안전운전불이행,포장 - 건조,맑음,교차로 - 교차로부근,승용,남,45세,상해없음,보행자,남,43세,중상
2019121500100191,2019년 12월 15일 10시,일요일,인천광역시 미추홀구 주안동,부상신고사고,0,0,0,1,차대사람 - 길가장자리구역통행중,안전운전불이행,포장 - 건조,맑음,단일로 - 기타,기타불명,기타불명,미분류,기타불명,보행자,여,43세,부상신고
2019121500100240,2019년 12월 15일 12시,일요일,인천광역시 연수구 연수동,경상사고,0,0,1,0,차대사람 - 차도통행중,안전운전불이행,포장 - 건조,맑음,단일로 - 기타,이륜,남,35세,상해없음,보행자,남,14세,경상
2019121500100296,2019년 12월 15일 14시,일요일,인천광역시 서구 석남동,중상사고,0,1,0,0,차대사람 - 기타,불법유턴,포장 - 건조,맑음,교차로 - 교차로부근,승용,남,71세,상해없음,보행자,여,84세,중상
2019121500100298,2019년 12월 15일 14시,일요일,인천광역시 연수구 송도동,경상사고,0,0,2,0,차대사람 - 횡단중,신호위반,포장 - 건조,맑음,교차로 - 교차로횡단보도내,승용,남,30세,상해없음,보행자,여,30세,경상
2019121500100470,2019년 12월 15일 19시,일요일,인천광역시 서구 가정동,중상사고,0,1,0,0,차대사람 - 기타,안전운전불이행,포장 - 건조,맑음,교차로 - 교차로안,승합,남,59세,상해없음,보행자,남,54세,중상
2019121600100039,2019년 12월 16일 00시,월요일,인천광역시 남동구 만수동,경상사고,0,0,1,0,차대사람 - 기타,안전운전불이행,포장 - 건조,맑음,단일로 - 기타,승용,남,60세,상해없음,보행자,남,58세,경상
2019121600100076,2019년 12월 16일 05시,월요일,인천광역시 미추홀구 학익동,경상사고,0,0,1,0,차대사람 - 길가장자리구역통행중,안전운전불이행,포장 - 건조,맑음,단일로 - 기타,승용,여,39세,상해없음,보행자,남,45세,경상
2019121600100274,2019년 12월 16일 11시,월요일,인천광역시 중구 항동7가,경상사고,0,0,1,0,차대사람 - 횡단중,신호위반,포장 - 건조,맑음,단일로 - 기타,화물,남,65세,상해없음,보행자,여,84세,경상
2019121600100410,2019년 12월 16일 15시,월요일,인천광역시 서구 가좌동,중상사고,0,1,0,0,차대사람 - 보도통행중,기타,포장 - 건조,맑음,기타 - 기타,화물,남,26세,상해없음,보행자,남,18세,중상
2019121600100451,2019년 12월 16일 16시,월요일,인천광역시 동구 금곡동,중상사고,0,1,0,0,차대사람 - 기타,기타,포장 - 건조,맑음,단일로 - 기타,승합,남,57세,상해없음,보행자,남,65세,중상
2019121600100685,2019년 12월 16일 23시,월요일,인천광역시 서구 당하동,경상사고,0,0,1,0,차대사람 - 차도통행중,안전운전불이행,포장 - 건조,맑음,교차로 - 교차로안,승용,남,64세,상해없음,보행자,남,44세,경상
2019121700100075,2019년 12월 17일 06시,화요일,인천광역시 서구 연희동,중상사고,0,1,0,0,차대사람 - 횡단중,보행자보호의무위반,포장 - 젖음/습기,비,교차로 - 교차로안,승용,남,51세,상해없음,보행자,남,61세,중상
2019121700100100,2019년 12월 17일 07시,화요일,인천광역시 미추홀구 도화동,중상사고,0,1,0,0,차대사람 - 기타,안전운전불이행,포장 - 젖음/습기,비,미분류 - 미분류,승합,남,55세,상해없음,보행자,남,70세,중상
2019121700100102,2019년 12월 17일 07시,화요일,인천광역시 서구 청라동,중상사고,0,1,0,0,차대사람 - 횡단중,보행자보호의무위반,포장 - 젖음/습기,비,교차로 - 교차로안,승합,남,50세,상해없음,보행자,남,28세,중상
2019121700100187,2019년 12월 17일 09시,화요일,인천광역시 부평구 산곡동,경상사고,0,0,1,0,차대사람 - 횡단중,안전운전불이행,포장 - 젖음/습기,비,교차로 - 교차로부근,승용,여,32세,상해없음,보행자,남,83세,경상
2019121700100218,2019년 12월 17일 10시,화요일,인천광역시 미추홀구 관교동,경상사고,0,0,1,0,차대사람 - 길가장자리구역통행중,안전운전불이행,포장 - 건조,흐림,단일로 - 기타,승용,남,55세,상해없음,보행자,여,58세,경상
2019121700100590,2019년 12월 17일 21시,화요일,인천광역시 부평구 십정동,부상신고사고,0,0,0,1,차대사람 - 차도통행중,안전운전불이행,포장 - 건조,맑음,단일로 - 기타,승용,남,41세,상해없음,보행자,남,45세,부상신고
2019121700100649,2019년 12월 17일 23시,화요일,인천광역시 남동구 구월동,부상신고사고,0,0,0,1,차대사람 - 기타,안전운전불이행,포장 - 건조,맑음,단일로 - 기타,승용,남,52세,상해없음,보행자,남,35세,부상신고
2019121800100060,2019년 12월 18일 03시,수요일,인천광역시 서구 왕길동,부상신고사고,0,0,0,1,차대사람 - 횡단중,신호위반,포장 - 건조,맑음,교차로 - 교차로횡단보도내,승용,남,69세,상해없음,보행자,여,21세,부상신고
2019121800100128,2019년 12월 18일 08시,수요일,인천광역시 계양구 효성동,중상사고,0,1,0,0,차대사람 - 기타,안전운전불이행,포장 - 건조,맑음,단일로 - 기타,화물,남,46세,상해없음,보행자,여,56세,중상
2019121800100306,2019년 12월 18일 14시,수요일,인천광역시 서구 당하동,경상사고,0,0,1,0,차대사람 - 길가장자리구역통행중,안전운전불이행,포장 - 건조,맑음,교차로 - 교차로부근,승용,여,26세,상해없음,보행자,여,64세,경상
2019121800100363,2019년 12월 18일 16시,수요일,인천광역시 미추홀구 도화동,중상사고,0,1,0,0,차대사람 - 횡단중,신호위반,포장 - 건조,맑음,단일로 - 기타,승용,남,42세,상해없음,보행자,여,31세,중상
2019121900100157,2019년 12월 19일 08시,목요일,인천광역시 연수구 연수동,중상사고,0,1,0,0,차대사람 - 횡단중,신호위반,포장 - 건조,맑음,교차로 - 교차로횡단보도내,승용,여,54세,상해없음,보행자,남,17세,중상
2019121900100404,2019년 12월 19일 15시,목요일,인천광역시 남동구 논현동,경상사고,0,0,1,0,차대사람 - 횡단중,안전운전불이행,포장 - 건조,맑음,단일로 - 기타,승합,여,44세,상해없음,보행자,여,16세,경상
2019121900100432,2019년 12월 19일 16시,목요일,인천광역시 서구 가좌동,경상사고,0,0,1,0,차대사람 - 기타,보행자보호의무위반,포장 - 건조,맑음,단일로 - 기타,승합,여,24세,상해없음,보행자,남,10세,경상
2019121900100618,2019년 12월 19일 20시,목요일,인천광역시 서구 가좌동,경상사고,0,0,1,0,차대사람 - 기타,안전운전불이행,포장 - 건조,맑음,단일로 - 기타,승용,남,40세,상해없음,보행자,남,30세,경상
2019122000100046,2019년 12월 20일 01시,금요일,인천광역시 미추홀구 주안동,중상사고,0,1,0,0,차대사람 - 횡단중,안전운전불이행,포장 - 건조,맑음,교차로 - 교차로부근,승용,남,38세,상해없음,보행자,남,53세,중상
2019122000100096,2019년 12월 20일 06시,금요일,인천광역시 서구 가좌동,경상사고,0,0,1,0,차대사람 - 기타,신호위반,포장 - 건조,맑음,교차로 - 교차로횡단보도내,승용,남,27세,상해없음,보행자,남,41세,경상
2019122000100259,2019년 12월 20일 12시,금요일,인천광역시 남동구 만수동,경상사고,0,0,1,0,차대사람 - 기타,안전운전불이행,포장 - 건조,맑음,교차로 - 교차로부근,승용,남,68세,상해없음,보행자,남,48세,경상
2019122000100484,2019년 12월 20일 17시,금요일,인천광역시 남동구 구월동,중상사고,0,1,0,0,차대사람 - 길가장자리구역통행중,안전운전불이행,포장 - 건조,맑음,교차로 - 교차로안,승용,남,53세,상해없음,보행자,여,63세,중상
2019122000100486,2019년 12월 20일 17시,금요일,인천광역시 서구 연희동,중상사고,0,1,0,0,차대사람 - 기타,안전운전불이행,포장 - 건조,맑음,기타 - 기타,승용,남,59세,상해없음,보행자,여,60세,중상
2019122000100487,2019년 12월 20일 17시,금요일,인천광역시 남동구 만수동,경상사고,0,0,1,0,차대사람 - 횡단중,안전운전불이행,포장 - 건조,맑음,교차로 - 교차로안,화물,남,46세,상해없음,보행자,여,8세,경상
2019122000100606,2019년 12월 20일 19시,금요일,인천광역시 남동구 구월동,경상사고,0,0,1,0,차대사람 - 횡단중,보행자보호의무위반,포장 - 건조,맑음,교차로 - 교차로안,승용,여,45세,상해없음,보행자,여,25세,경상
2019122000100609,2019년 12월 20일 19시,금요일,인천광역시 남동구 구월동,경상사고,0,0,1,0,차대사람 - 기타,안전운전불이행,포장 - 건조,맑음,기타 - 기타,승용,남,59세,상해없음,보행자,남,39세,경상
2019122000100643,2019년 12월 20일 20시,금요일,인천광역시 부평구 부평동,중상사고,0,1,0,0,차대사람 - 보도통행중,안전운전불이행,포장 - 건조,맑음,교차로 - 교차로안,승용,남,24세,상해없음,보행자,여,55세,중상