사고번호,사고일시,요일,시군구,사고내용,사망자수,중상자수,경상자수,부상신고자수,사고유형,법규위반,노면상태,기상상태,도로형태,가해운전자 차종,가해운전자 성별,가해운전자 연령,가해운전자 상해정도,피해운전자 차종,피해운전자 성별,피해운전자 연령,피해운전자 상해정도
2019122000100644,2019년 12월 20일 20시,금요일,인천광역시 부평구 부평동,부상신고사고,0,0,0,1,차대사람 - 기타,안전운전불이행,포장 - 건조,맑음,단일로 - 기타,승용,여,61세,상해없음,보행자,여,25세,부상신고
2019122000100732,2019년 12월 20일 23시,금요일,인천광역시 중구 중산동,부상신고사고,0,0,0,1,차대사람 - 횡단중,안전운전불이행,포장 - 건조,맑음,단일로 - 기타,승용,여,51세,상해없음,보행자,남,39세,부상신고
2019122000100733,2019년 12월 20일 23시,금요일,인천광역시 미추홀구 용현동,경상사고,0,0,1,0,차대사람 - 기타,안전운전불이행,포장 - 건조,맑음,기타 - 기타,승용,남,18세,상해없음,보행자,남,26세,경상
2019122100100047,2019년 12월 21일 00시,토요일,인천광역시 미추홀구 학익동,경상사고,0,0,1,0,차대사람 - 횡단중,보행자보호의무위반,포장 - 건조,맑음,교차로 - 교차로횡단보도내,승용,남,31세,상해없음,보행자,여,48세,경상
2019122100100088,2019년 12월 21일 02시,토요일,인천광역시 미추홀구 주안동,중상사고,0,1,0,0,차대사람 - 횡단중,안전운전불이행,포장 - 건조,맑음,단일로 - 기타,승용,남,50세,상해없음,보행자,남,55세,중상
2019122100100140,2019년 12월 21일 06시,토요일,인천광역시 계양구 작전동,중상사고,0,1,0,0,차대사람 - 횡단중,보행자보호의무위반,포장 - 젖음/습기,흐림,교차로 - 교차로횡단보도내,승용,남,65세,상해없음,보행자,남,24세,중상
2019122100100271,2019년 12월 21일 12시,토요일,인천광역시 중구 신흥동1가,경상사고,0,0,1,0,차대사람 - 횡단중,안전운전불이행,포장 - 건조,맑음,교차로 - 교차로횡단보도내,기타불명,기타불명,미분류,기타불명,보행자,여,72세,경상
2019122100100367,2019년 12월 21일 15시,토요일,인천광역시 계양구 효성동,경상사고,0,0,1,0,차대사람 - 기타,안전운전불이행,포장 - 젖음/습기,눈,교차로 - 교차로부근,승용,여,25세,상해없음,보행자,여,56세,경상
2019122100100395,2019년 12월 21일 16시,토요일,인천광역시 남동구 서창동,경상사고,0,0,1,0,차대사람 - 보도통행중,안전운전불이행,포장 - 건조,맑음,교차로 - 교차로부근,기타불명,기타불명,미분류,기타불명,보행자,여,55세,경상
2019122100100479,2019년 12월 21일 18시,토요일,인천광역시 부평구 일신동,중상사고,0,1,0,0,차대사람 - 횡단중,보행자보호의무위반,포장 - 서리/결빙,맑음,단일로 - 기타,승용,여,67세,상해없음,보행자,남,11세,중상
2019122100100561,2019년 12월 21일 20시,토요일,인천광역시 서구 당하동,중상사고,0,1,0,0,차대사람 - 횡단중,보행자보호의무위반,포장 - 서리/결빙,맑음,교차로 - 교차로부근,승용,남,51세,상해없음,보행자,여,47세,중상
2019122100100562,2019년 12월 21일 20시,토요일,인천광역시 연수구 송도동,경상사고,0,0,1,0,차대사람 - 차도통행중,교차로운행방법위반,포장 - 젖음/습기,비,교차로 - 교차로부근,승용,남,59세,상해없음,보행자,남,52세,경상
2019122100100563,2019년 12월 21일 20시,토요일,인천광역시 남동구 남촌동,중상사고,0,1,0,0,차대사람 - 횡단중,안전운전불이행,포장 - 젖음/습기,흐림,교차로 - 교차로횡단보도내,승용,여,58세,상해없음,보행자,남,61세,중상
2019122100100640,2019년 12월 21일 23시,토요일,인천광역시 서구 석남동,경상사고,0,0,1,0,차대사람 - 기타,안전운전불이행,포장 - 건조,맑음,기타 - 기타,승용,여,42세,상해없음,보행자,남,48세,경상
2019122200100051,2019년 12월 22일 00시,일요일,인천광역시 계양구 갈현동,경상사고,0,0,1,0,차대사람 - 보도통행중,안전운전불이행,포장 - 건조,맑음,단일로 - 기타,승용,남,28세,상해없음,보행자,남,32세,경상
2019122200100147,2019년 12월 22일 08시,일요일,인천광역시 미추홀구 학익동,경상사고,0,0,1,0,차대사람 - 기타,기타,포장 - 건조,맑음,단일로 - 기타,승용,남,67세,상해없음,보행자,남,83세,경상
2019122200100305,2019년 12월 22일 15시,일요일,인천광역시 부평구 부평동,경상사고,0,0,1,0,차대사람 - 기타,안전운전불이행,포장 - 건조,맑음,교차로 - 교차로안,승용,여,38세,상해없음,보행자,여,미분류,경상
2019122200100406,2019년 12월 22일 18시,일요일,인천광역시 미추홀구 주안동,중상사고,0,1,0,0,차대사람 - 기타,안전운전불이행,포장 - 건조,맑음,단일로 - 기타,이륜,남,51세,상해없음,보행자,남,65세,중상
2019122200100449,2019년 12월 22일 19시,일요일,인천광역시 연수구 송도동,경상사고,0,0,1,0,차대사람 - 횡단중,보행자보호의무위반,포장 - 건조,맑음,교차로 - 교차로횡단보도내,승용,남,65세,상해없음,보행자,여,27세,경상
2019122200100489,2019년 12월 22일 21시,일요일,인천광역시 연수구 송도동,중상사고,0,1,0,0,차대사람 - 횡단중,보행자보호의무위반,포장 - 건조,맑음,교차로 - 교차로횡단보도내,승용,남,32세,상해없음,보행자,여,30세,중상
2019122200100507,2019년 12월 22일 22시,일요일,인천광역시 미추홀구 주안동,경상사고,0,0,1,0,차대사람 - 길가장자리구역통행중,안전운전불이행,포장 - 기타,기타,단일로 - 기타,기타불명,기타불명,미분류,기타불명,보행자,여,51세,경상
2019122200100521,2019년 12월 22일 23시,일요일,인천광역시 연수구 선학동,경상사고,0,0,1,0,차대사람 - 횡단중,안전운전불이행,포장 - 젖음/습기,흐림,단일로 - 기타,승용,남,47세,상해없음,보행자,남,31세,경상
2019122300100048,2019년 12월 23일 01시,월요일,인천광역시 부평구 부평동,중상사고,0,1,0,0,차대사람 - 기타,안전운전불이행,포장 - 건조,맑음,교차로 - 교차로부근,승용,남,63세,상해없음,보행자,남,18세,중상
2019122300100314,2019년 12월 23일 13시,월요일,인천광역시 부평구 십정동,중상사고,0,1,0,0,차대사람 - 횡단중,안전운전불이행,포장 - 건조,맑음,교차로 - 교차로부근,화물,남,54세,상해없음,보행자,남,59세,중상
2019122300100347,2019년 12월 23일 14시,월요일,인천광역시 미추홀구 주안동,경상사고,0,0,1,0,차대사람 - 횡단중,신호위반,포장 - 건조,맑음,교차로 - 교차로안,승용,여,50세,상해없음,보행자,남,34세,경상
2019122300100382,2019년 12월 23일 15시,월요일,인천광역시 서구 마전동,경상사고,0,0,1,0,차대사람 - 기타,안전운전불이행,포장 - 건조,맑음,교차로 - 교차로안,승합,남,51세,상해없음,보행자,남,63세,경상
2019122300100421,2019년 12월 23일 16시,월요일,인천광역시 중구 항동7가,경상사고,0,0,1,0,차대사람 - 횡단중,보행자보호의무위반,포장 - 건조,맑음,교차로 - 교차로안,승합,남,60세,상해없음,보행자,남,53세,경상
2019122400100273,2019년 12월 24일 11시,화요일,인천광역시 부평구 산곡동,중상사고,0,1,0,0,차대사람 - 횡단중,안전운전불이행,포장 - 건조,맑음,단일로 - 기타,승용,여,38세,상해없음,보행자,여,84세,중상
2019122400100376,2019년 12월 24일 14시,화요일,인천광역시 남동구 간석동,중상사고,0,1,0,0,차대사람 - 기타,안전운전불이행,포장 - 건조,맑음,단일로 - 기타,승용,남,33세,상해없음,보행자,남,67세,중상
2019122400100411,2019년 12월 24일 15시,화요일,인천광역시 서구 심곡동,중상사고,0,1,0,0,차대사람 - 길가장자리구역통행중,안전운전불이행,포장 - 건조,맑음,단일로 - 기타,기타불명,기타불명,미분류,기타불명,보행자,남,63세,중상
2019122400100412,2019년 12월 24일 15시,화요일,인천광역시 서구 신현동,경상사고,0,0,1,0,차대사람 - 길가장자리구역통행중,안전운전불이행,포장 - 건조,맑음,단일로 - 기타,승합,여,49세,상해없음,보행자,여,14세,경상
2019122400100448,2019년 12월 24일 16시,화요일,인천광역시 중구 신흥동2가,경상사고,0,0,1,0,차대사람 - 기타,안전운전불이행,포장 - 건조,맑음,교차로 - 교차로부근,승합,남,59세,상해없음,보행자,남,84세,경상
2019122400100580,2019년 12월 24일 18시,화요일,인천광역시 부평구 십정동,중상사고,0,1,0,0,차대사람 - 기타,안전운전불이행,포장 - 건조,맑음,교차로 - 교차로안,승합,남,64세,상해없음,보행자,여,64세,중상
2019122500100067,2019년 12월 25일 04시,수요일,인천광역시 부평구 부평동,경상사고,0,0,1,0,차대사람 - 기타,안전운전불이행,포장 - 건조,맑음,단일로 - 기타,승용,남,21세,상해없음,보행자,여,27세,경상
2019122500100202,2019년 12월 25일 13시,수요일,인천광역시 부평구 산곡동,경상사고,0,0,1,0,차대사람 - 기타,안전운전불이행,포장 - 건조,맑음,단일로 - 기타,승용,남,50세,기타불명,보행자,여,24세,경상
2019122600100130,2019년 12월 26일 08시,목요일,인천광역시 서구 마전동,중상사고,0,1,0,0,차대사람 - 횡단중,보행자보호의무위반,포장 - 건조,맑음,교차로 - 교차로안,승합,남,62세,상해없음,보행자,여,28세,중상
2019122600100290,2019년 12월 26일 13시,목요일,인천광역시 부평구 청천동,부상신고사고,0,0,0,1,차대사람 - 기타,안전운전불이행,포장 - 건조,맑음,기타 - 기타,화물,남,42세,상해없음,보행자,여,39세,부상신고
2019122600100321,2019년 12월 26일 14시,목요일,인천광역시 중구 신생동,중상사고,0,1,0,0,차대사람 - 횡단중,보행자보호의무위반,포장 - 건조,맑음,단일로 - 기타,승용,남,39세,상해없음,보행자,여,74세,중상
2019122600100582,2019년 12월 26일 21시,목요일,인천광역시 동구 화수동,경상사고,0,0,1,0,차대사람 - 차도통행중,안전운전불이행,포장 - 건조,맑음,단일로 - 기타,이륜,남,48세,상해없음,보행자,여,10세,경상
2019122600100611,2019년 12월 26일 22시,목요일,인천광역시 미추홀구 주안동,중상사고,0,1,0,0,차대사람 - 기타,안전운전불이행,포장 - 건조,맑음,교차로 - 교차로부근,승용,남,32세,상해없음,보행자,여,41세,중상
2019122700100114,2019년 12월 27일 07시,금요일,인천광역시 서구 마전동,중상사고,0,1,0,0,차대사람 - 횡단중,보행자보호의무위반,포장 - 건조,맑음,교차로 - 교차로횡단보도내,승용,남,44세,상해없음,보행자,남,58세,중상
2019122700100271,2019년 12월 27일 12시,금요일,인천광역시 동구 송림동,중상사고,0,1,0,0,차대사람 - 횡단중,보행자보호의무위반,포장 - 건조,맑음,교차로 - 교차로안,건설기계,남,62세,상해없음,보행자,여,46세,중상
2019122700100411,2019년 12월 27일 16시,금요일,인천광역시 서구 가좌동,부상신고사고,0,0,0,1,차대사람 - 기타,안전운전불이행,포장 - 건조,맑음,교차로 - 교차로부근,기타불명,기타불명,미분류,기타불명,보행자,남,76세,부상신고
2019122700100559,2019년 12월 27일 19시,금요일,인천광역시 남동구 논현동,경상사고,0,0,1,0,차대사람 - 횡단중,보행자보호의무위반,포장 - 건조,맑음,교차로 - 교차로안,승합,남,61세,상해없음,보행자,남,46세,경상
2019122700100592,2019년 12월 27일 20시,금요일,인천광역시 서구 석남동,중상사고,0,1,0,0,차대사람 - 기타,안전운전불이행,포장 - 건조,맑음,교차로 - 교차로안,승합,남,59세,상해없음,보행자,남,69세,중상
2019122700100622,2019년 12월 27일 21시,금요일,인천광역시 서구 가좌동,부상신고사고,0,0,0,1,차대사람 - 기타,안전운전불이행,포장 - 건조,맑음,단일로 - 기타,승용,남,52세,상해없음,보행자,남,13세,부상신고
2019122800100061,2019년 12월 28일 01시,토요일,인천광역시 미추홀구 주안동,경상사고,0,0,1,0,차대사람 - 횡단중,신호위반,포장 - 건조,맑음,교차로 - 교차로안,승용,남,59세,상해없음,보행자,남,50세,경상
2019122800100093,2019년 12월 28일 04시,토요일,인천광역시 부평구 갈산동,경상사고,0,0,1,0,차대사람 - 횡단중,안전운전불이행,포장 - 건조,맑음,교차로 - 교차로횡단보도내,승용,남,65세,상해없음,보행자,남,19세,경상
2019122800100243,2019년 12월 28일 12시,토요일,인천광역시 남동구 구월동,경상사고,0,0,1,0,차대사람 - 횡단중,신호위반,포장 - 건조,맑음,교차로 - 교차로부근,승합,남,64세,상해없음,보행자,여,65세,경상
2019122800100275,2019년 12월 28일 13시,토요일,인천광역시 연수구 송도동,중상사고,0,1,0,0,차대사람 - 기타,보행자보호의무위반,포장 - 건조,맑음,교차로 - 교차로횡단보도내,승용,여,49세,상해없음,보행자,여,18세,중상
2019122800100276,2019년 12월 28일 13시,토요일,인천광역시 부평구 부평동,경상사고,0,0,1,0,차대사람 - 기타,안전운전불이행,포장 - 건조,맑음,단일로 - 기타,화물,남,25세,상해없음,보행자,여,12세,경상
2019122800100522,2019년 12월 28일 21시,토요일,인천광역시 남동구 만수동,경상사고,0,0,1,0,차대사람 - 길가장자리구역통행중,안전운전불이행,포장 - 건조,맑음,단일로 - 기타,승용,남,26세,상해없음,보행자,남,32세,경상
2019122900100028,2019년 12월 29일 00시,일요일,인천광역시 부평구 부평동,부상신고사고,0,0,0,1,차대사람 - 기타,안전운전불이행,포장 - 건조,맑음,교차로 - 교차로부근,승용,남,45세,상해없음,보행자,남,49세,부상신고
2019122900100081,2019년 12월 29일 05시,일요일,인천광역시 남동구 구월동,경상사고,0,0,1,0,차대사람 - 기타,안전운전불이행,포장 - 건조,맑음,단일로 - 기타,승용,남,68세,상해없음,보행자,남,34세,경상
2019122900100103,2019년 12월 29일 07시,일요일,인천광역시 서구 검암동,경상사고,0,0,1,0,차대사람 - 횡단중,보행자보호의무위반,포장 - 건조,맑음,교차로 - 교차로횡단보도내,승용,남,60세,상해없음,보행자,남,46세,경상
2019122900100314,2019년 12월 29일 18시,일요일,인천광역시 서구 원창동,경상사고,0,0,1,0,차대사람 - 횡단중,신호위반,포장 - 건조,맑음,교차로 - 교차로횡단보도내,승용,남,54세,상해없음,보행자,남,59세,경상
2019123000100202,2019년 12월 30일 11시,월요일,인천광역시 남동구 논현동,중상사고,0,1,0,0,차대사람 - 횡단중,안전운전불이행,포장 - 건조,맑음,교차로 - 교차로안,승용,여,58세,상해없음,보행자,여,78세,중상
2019123000100265,2019년 12월 30일 13시,월요일,인천광역시 계양구 효성동,경상사고,0,0,1,0,차대사람 - 기타,안전운전불이행,포장 - 젖음/습기,흐림,단일로 - 기타,화물,남,42세,상해없음,보행자,여,59세,경상
2019123000100331,2019년 12월 30일 15시,월요일,인천광역시 서구 원당동,중상사고,0,1,0,0,차대사람 - 횡단중,안전운전불이행,포장 - 건조,맑음,교차로 - 교차로안,건설기계,남,59세,상해없음,보행자,남,7세,중상
2019123000100515,2019년 12월 30일 19시,월요일,인천광역시 중구 항동7가,중상사고,0,1,0,0,차대사람 - 횡단중,안전거리미확보,포장 - 건조,맑음,단일로 - 기타,기타불명,기타불명,미분류,기타불명,보행자,남,90세 이상,중상
2019123000100516,2019년 12월 30일 19시,월요일,인천광역시 서구 청라동,부상신고사고,0,0,0,1,차대사람 - 기타,신호위반,포장 - 건조,맑음,단일로 - 기타,승용,여,46세,상해없음,보행자,남,33세,부상신고
2019123000100556,2019년 12월 30일 20시,월요일,인천광역시 계양구 효성동,중상사고,0,1,0,0,차대사람 - 기타,안전운전불이행,포장 - 건조,맑음,기타 - 기타,승용,남,59세,상해없음,보행자,여,45세,중상
2019123100100134,2019년 12월 31일 08시,화요일,인천광역시 부평구 삼산동,중상사고,0,1,0,0,차대사람 - 기타,신호위반,포장 - 건조,맑음,단일로 - 기타,승용,여,24세,상해없음,보행자,여,82세,중상
2019123100100135,2019년 12월 31일 08시,화요일,인천광역시 부평구 부평동,경상사고,0,0,1,0,차대사람 - 횡단중,안전운전불이행,포장 - 건조,맑음,단일로 - 기타,승용,남,51세,상해없음,보행자,여,54세,경상
2019123100100159,2019년 12월 31일 09시,화요일,인천광역시 연수구 연수동,경상사고,0,0,1,0,차대사람 - 횡단중,보행자보호의무위반,포장 - 건조,맑음,교차로 - 교차로횡단보도내,승용,여,46세,상해없음,보행자,남,51세,경상
2019123100100215,2019년 12월 31일 11시,화요일,인천광역시 서구 검암동,중상사고,0,1,0,0,차대사람 - 기타,보행자보호의무위반,포장 - 건조,맑음,교차로 - 교차로횡단보도내,승용,여,51세,상해없음,보행자,여,67세,중상
2019123100100216,2019년 12월 31일 11시,화요일,인천광역시 계양구 계산동,중상사고,0,1,0,0,차대사람 - 기타,안전운전불이행,포장 - 건조,맑음,교차로 - 교차로안,화물,남,69세,상해없음,보행자,여,57세,중상
2019123100100244,2019년 12월 31일 12시,화요일,인천광역시 연수구 송도동,부상신고사고,0,0,0,1,차대사람 - 보도통행중,안전운전불이행,포장 - 건조,맑음,단일로 - 기타,기타불명,기타불명,미분류,기타불명,보행자,여,28세,부상신고
2019123100100422,2019년 12월 31일 17시,화요일,인천광역시 미추홀구 학익동,중상사고,0,1,0,0,차대사람 - 횡단중,안전운전불이행,포장 - 건조,맑음,교차로 - 교차로안,승용,여,41세,상해없음,보행자,남,70세,중상
2019123100100573,2019년 12월 31일 20시,화요일,인천광역시 남동구 구월동,경상사고,0,0,1,0,차대사람 - 기타,신호위반,포장 - 건조,흐림,교차로 - 교차로횡단보도내,이륜,남,22세,기타불명,보행자,여,26세,경상
2020010100100013,2020년 1월 1일 00시,수요일,인천광역시 부평구 부평동,중상사고,0,1,0,0,차대사람 - 기타,안전운전불이행,포장 - 건조,맑음,교차로 - 교차로횡단보도내,이륜,남,59세,상해없음,보행자,여,55세,중상
2020010100100034,2020년 1월 1일 01시,수요일,인천광역시 남동구 간석동,경상사고,0,0,1,0,차대사람 - 길가장자리구역통행중,안전운전불이행,포장 - 건조,맑음,단일로 - 기타,승합,남,39세,상해없음,보행자,남,35세,경상
2020010100100035,2020년 1월 1일 01시,수요일,인천광역시 남동구 만수동,경상사고,0,0,1,0,차대사람 - 횡단중,보행자보호의무위반,포장 - 건조,맑음,교차로 - 교차로횡단보도내,승용,여,79세,상해없음,보행자,여,50세,경상
2020010100100058,2020년 1월 1일 03시,수요일,인천광역시 남동구 구월동,부상신고사고,0,0,0,1,차대사람 - 기타,안전운전불이행,포장 - 건조,맑음,단일로 - 기타,기타불명,기타불명,미분류,기타불명,보행자,남,18세,부상신고
2020010100100328,2020년 1월 1일 20시,수요일,인천광역시 서구 마전동,경상사고,0,0,1,0,차대사람 - 기타,안전운전불이행,포장 - 건조,맑음,교차로 - 교차로부근,기타불명,기타불명,미분류,기타불명,보행자,남,23세,경상
2020010200100371,2020년 1월 2일 17시,목요일,인천광역시 서구 당하동,경상사고,0,0,1,0,차대사람 - 횡단중,안전운전불이행,포장 - 건조,맑음,기타 - 기타,승합,여,52세,상해없음,보행자,여,46세,경상
2020010200100464,2020년 1월 2일 19시,목요일,인천광역시 부평구 산곡동,경상사고,0,0,1,0,차대사람 - 횡단중,보행자보호의무위반,포장 - 건조,맑음,교차로 - 교차로횡단보도내,화물,남,28세,상해없음,보행자,여,49세,경상
2020010200100522,2020년 1월 2일 21시,목요일,인천광역시 남동구 만수동,중상사고,0,1,0,0,차대사람 - 차도통행중,안전운전불이행,포장 - 건조,맑음,단일로 - 기타,승용,여,44세,상해없음,보행자,여,63세,중상
2020010200100524,2020년 1월 2일 21시,목요일,인천광역시 강화군 강화읍,경상사고,0,0,1,0,차대사람 - 횡단중,안전운전불이행,포장 - 젖음/습기,맑음,교차로 - 교차로부근,승용,남,29세,상해없음,보행자,남,24세,경상
2020010300100224,2020년 1월 3일 12시,금요일,인천광역시 남동구 간석동,경상사고,0,0,1,0,차대사람 - 보도통행중,기타,포장 - 건조,맑음,교차로 - 교차로안,승용,여,46세,상해없음,보행자,여,18세,경상
2020010300100373,2020년 1월 3일 16시,금요일,인천광역시 강화군 불은면,중상사고,0,1,0,0,차대사람 - 차도통행중,안전운전불이행,포장 - 건조,맑음,단일로 - 기타,승용,남,57세,상해없음,보행자,남,63세,중상
2020010300100457,2020년 1월 3일 18시,금요일,인천광역시 서구 연희동,중상사고,0,1,0,0,차대사람 - 차도통행중,안전운전불이행,포장 - 건조,맑음,교차로 - 교차로안,승용,남,46세,상해없음,보행자,여,70세,중상
2020010300100458,2020년 1월 3일 18시,금요일,인천광역시 남동구 만수동,경상사고,0,0,1,0,차대사람 - 길가장자리구역통행중,안전운전불이행,포장 - 건조,맑음,단일로 - 기타,승용,여,33세,상해없음,보행자,남,41세,경상
2020010300100589,2020년 1월 3일 22시,금요일,인천광역시 부평구 부평동,경상사고,0,0,1,0,차대사람 - 보도통행중,보행자보호의무위반,포장 - 건조,맑음,교차로 - 교차로안,승용,여,51세,상해없음,보행자,여,58세,경상
2020010400100405,2020년 1월 4일 18시,토요일,인천광역시 남동구 구월동,중상사고,0,1,0,0,차대사람 - 기타,안전운전불이행,포장 - 건조,맑음,교차로 - 교차로안,승용,남,59세,상해없음,보행자,여,83세,중상
2020010400100453,2020년 1월 4일 20시,토요일,인천광역시 부평구 십정동,경상사고,0,0,1,0,차대사람 - 기타,안전운전불이행,포장 - 건조,맑음,교차로 - 교차로부근,승용,여,41세,상해없음,보행자,남,58세,경상
2020010400100485,2020년 1월 4일 21시,토요일,인천광역시 남동구 구월동,경상사고,0,0,1,0,차대사람 - 횡단중,안전운전불이행,포장 - 건조,맑음,교차로 - 교차로횡단보도내,이륜,남,48세,상해없음,보행자,여,45세,경상
2020010600100114,2020년 1월 6일 08시,월요일,인천광역시 계양구 임학동,중상사고,0,1,0,0,차대사람 - 차도통행중,안전운전불이행,포장 - 건조,맑음,단일로 - 기타,승용,여,58세,상해없음,보행자,여,84세,중상
2020010600100133,2020년 1월 6일 09시,월요일,인천광역시 서구 가좌동,경상사고,0,0,1,0,차대사람 - 기타,보행자보호의무위반,포장 - 건조,맑음,교차로 - 교차로횡단보도내,화물,남,60세,상해없음,보행자,남,27세,경상
2020010600100159,2020년 1월 6일 10시,월요일,인천광역시 부평구 삼산동,경상사고,0,0,1,0,차대사람 - 횡단중,보행자보호의무위반,포장 - 건조,맑음,교차로 - 교차로횡단보도내,승용,여,65세,상해없음,보행자,남,86세,경상
2020010600100406,2020년 1월 6일 17시,월요일,인천광역시 중구 항동3가,경상사고,0,0,1,0,차대사람 - 횡단중,보행자보호의무위반,포장 - 젖음/습기,비,단일로 - 기타,화물,여,61세,상해없음,보행자,여,42세,경상
2020010600100408,2020년 1월 6일 17시,월요일,인천광역시 부평구 청천동,경상사고,0,0,1,0,차대사람 - 길가장자리구역통행중,안전운전불이행,포장 - 젖음/습기,비,교차로 - 교차로부근,화물,남,42세,상해없음,보행자,남,57세,경상
2020010600100490,2020년 1월 6일 18시,월요일,인천광역시 부평구 십정동,중상사고,0,1,0,0,차대사람 - 기타,안전운전불이행,포장 - 건조,맑음,단일로 - 기타,이륜,남,25세,상해없음,보행자,남,55세,중상
2020010600100491,2020년 1월 6일 18시,월요일,인천광역시 계양구 효성동,경상사고,0,0,1,0,차대사람 - 횡단중,안전운전불이행,포장 - 건조,맑음,교차로 - 교차로안,승용,남,32세,상해없음,보행자,남,63세,경상
2020010600100584,2020년 1월 6일 20시,월요일,인천광역시 연수구 연수동,경상사고,0,0,1,0,차대사람 - 횡단중,보행자보호의무위반,포장 - 젖음/습기,비,교차로 - 교차로횡단보도내,이륜,남,30세,상해없음,보행자,남,32세,경상
2020010600100622,2020년 1월 6일 21시,월요일,인천광역시 계양구 작전동,중상사고,0,1,0,0,차대사람 - 횡단중,안전운전불이행,포장 - 젖음/습기,비,교차로 - 교차로안,승합,남,48세,상해없음,보행자,여,60세,중상
2020010700100012,2020년 1월 7일 00시,화요일,인천광역시 부평구 구산동,중상사고,0,1,0,0,차대사람 - 기타,안전운전불이행,포장 - 젖음/습기,비,단일로 - 기타,승용,남,63세,상해없음,보행자,남,56세,중상
2020010700100184,2020년 1월 7일 09시,화요일,인천광역시 부평구 부평동,경상사고,0,0,1,0,차대사람 - 기타,안전운전불이행,포장 - 건조,맑음,단일로 - 기타,화물,남,63세,상해없음,보행자,여,60세,경상
2020010700100446,2020년 1월 7일 17시,화요일,인천광역시 남동구 구월동,중상사고,0,1,2,0,차대사람 - 횡단중,안전운전불이행,포장 - 젖음/습기,비,단일로 - 기타,승용,남,36세,기타불명,보행자,여,24세,중상
2020010700100513,2020년 1월 7일 18시,화요일,인천광역시 부평구 청천동,경상사고,0,0,1,0,차대사람 - 횡단중,신호위반,포장 - 젖음/습기,비,교차로 - 교차로안,승용,남,66세,상해없음,보행자,여,54세,경상
2020010700100574,2020년 1월 7일 19시,화요일,인천광역시 연수구 선학동,중상사고,0,1,0,0,차대사람 - 횡단중,안전운전불이행,포장 - 젖음/습기,비,교차로 - 교차로부근,이륜,남,49세,상해없음,보행자,여,53세,중상
2020010700100577,2020년 1월 7일 19시,화요일,인천광역시 남동구 서창동,중상사고,0,1,0,0,차대사람 - 횡단중,보행자보호의무위반,포장 - 젖음/습기,비,교차로 - 교차로횡단보도내,화물,남,59세,상해없음,보행자,여,62세,중상
2020010700100729,2020년 1월 7일 22시,화요일,인천광역시 서구 신현동,중상사고,0,1,0,0,차대사람 - 횡단중,보행자보호의무위반,포장 - 젖음/습기,비,교차로 - 교차로안,승용,남,41세,상해없음,보행자,여,68세,중상
2020010700100750,2020년 1월 7일 23시,화요일,인천광역시 남동구 만수동,중상사고,0,1,0,0,차대사람 - 기타,안전운전불이행,포장 - 젖음/습기,비,단일로 - 기타,승용,남,47세,상해없음,보행자,남,45세,중상
2020010800100042,2020년 1월 8일 02시,수요일,인천광역시 남동구 구월동,부상신고사고,0,0,0,1,차대사람 - 차도통행중,안전운전불이행,포장 - 건조,맑음,단일로 - 기타,기타불명,기타불명,미분류,기타불명,보행자,남,28세,부상신고
2020010800100043,2020년 1월 8일 02시,수요일,인천광역시 연수구 옥련동,경상사고,0,0,1,0,차대사람 - 횡단중,안전운전불이행,포장 - 젖음/습기,비,교차로 - 교차로안,승용,남,24세,상해없음,보행자,남,61세,경상
2020010800100084,2020년 1월 8일 06시,수요일,인천광역시 동구 송림동,중상사고,0,1,0,0,차대사람 - 보도통행중,보행자보호의무위반,포장 - 젖음/습기,비,교차로 - 교차로횡단보도내,화물,남,54세,상해없음,보행자,남,71세,중상
2020010800100115,2020년 1월 8일 07시,수요일,인천광역시 미추홀구 주안동,중상사고,0,1,0,0,차대사람 - 횡단중,보행자보호의무위반,포장 - 젖음/습기,흐림,교차로 - 교차로안,승용,남,67세,상해없음,보행자,여,48세,중상
2020010800100116,2020년 1월 8일 07시,수요일,인천광역시 남동구 간석동,부상신고사고,0,0,0,1,차대사람 - 횡단중,안전운전불이행,포장 - 젖음/습기,비,교차로 - 교차로부근,승용,남,61세,상해없음,보행자,여,27세,부상신고
2020010800100117,2020년 1월 8일 07시,수요일,인천광역시 연수구 동춘동,경상사고,0,0,2,0,차대사람 - 횡단중,보행자보호의무위반,포장 - 건조,맑음,교차로 - 교차로횡단보도내,승합,남,46세,상해없음,보행자,남,37세,경상
2020010800100306,2020년 1월 8일 13시,수요일,인천광역시 서구 심곡동,중상사고,0,1,0,0,차대사람 - 차도통행중,안전운전불이행,포장 - 건조,맑음,교차로 - 교차로부근,승용,남,54세,상해없음,보행자,여,57세,중상
2020010800100421,2020년 1월 8일 17시,수요일,인천광역시 서구 오류동,중상사고,0,1,0,0,차대사람 - 횡단중,안전운전불이행,포장 - 건조,맑음,교차로 - 교차로횡단보도내,승용,여,54세,상해없음,보행자,여,58세,중상
2020010800100599,2020년 1월 8일 23시,수요일,인천광역시 남동구 구월동,경상사고,0,0,3,0,차대사람 - 횡단중,신호위반,포장 - 건조,맑음,단일로 - 기타,승용,여,23세,상해없음,보행자,남,43세,경상