사고번호,사고일시,요일,시군구,사고내용,사망자수,중상자수,경상자수,부상신고자수,사고유형,법규위반,노면상태,기상상태,도로형태,가해운전자 차종,가해운전자 성별,가해운전자 연령,가해운전자 상해정도,피해운전자 차종,피해운전자 성별,피해운전자 연령,피해운전자 상해정도
2020022900100211,2020년 2월 29일 14시,토요일,인천광역시 부평구 부평동,경상사고,0,0,1,0,차대사람 - 기타,안전운전불이행,포장 - 건조,맑음,단일로 - 지하차도(도로)내,승용,남,72세,상해없음,보행자,남,60세,경상
2020022900100299,2020년 2월 29일 18시,토요일,인천광역시 중구 덕교동,경상사고,0,0,1,0,차대사람 - 차도통행중,안전운전불이행,포장 - 건조,맑음,단일로 - 지하차도(도로)내,승용,남,41세,상해없음,보행자,남,34세,경상
2020022900100301,2020년 2월 29일 18시,토요일,인천광역시 서구 마전동,경상사고,0,0,1,0,차대사람 - 횡단중,안전운전불이행,포장 - 건조,맑음,교차로 - 교차로부근,승용,여,48세,상해없음,보행자,남,53세,경상
2020022900100348,2020년 2월 29일 20시,토요일,인천광역시 부평구 산곡동,중상사고,0,1,0,0,차대사람 - 기타,안전운전불이행,포장 - 건조,맑음,교차로 - 교차로안,승용,남,29세,상해없음,보행자,남,40세,중상
2020022900100364,2020년 2월 29일 21시,토요일,인천광역시 강화군 강화읍,경상사고,0,0,1,0,차대사람 - 길가장자리구역통행중,안전운전불이행,포장 - 건조,흐림,단일로 - 지하차도(도로)내,화물,남,59세,상해없음,보행자,남,42세,경상
2020030100100010,2020년 3월 1일 00시,일요일,인천광역시 계양구 작전동,경상사고,0,0,1,0,차대사람 - 길가장자리구역통행중,안전운전불이행,포장 - 건조,맑음,단일로 - 기타,승용,남,30세,상해없음,보행자,남,25세,경상
2020030100100229,2020년 3월 1일 19시,일요일,인천광역시 서구 시천동,부상신고사고,0,0,0,1,차대사람 - 보도통행중,안전운전불이행,포장 - 건조,맑음,기타 - 기타,자전거,남,32세,상해없음,보행자,여,50세,부상신고
2020030100100230,2020년 3월 1일 19시,일요일,인천광역시 계양구 작전동,경상사고,0,0,1,0,차대사람 - 횡단중,안전운전불이행,포장 - 건조,맑음,교차로 - 교차로부근,승용,남,80세,상해없음,보행자,남,85세,경상
2020030100100231,2020년 3월 1일 19시,일요일,인천광역시 부평구 부평동,경상사고,0,0,1,0,차대사람 - 길가장자리구역통행중,안전운전불이행,포장 - 건조,맑음,단일로 - 기타,승용,남,34세,상해없음,보행자,남,24세,경상
2020030100100279,2020년 3월 1일 22시,일요일,인천광역시 남동구 도림동,경상사고,0,0,1,0,차대사람 - 기타,안전운전불이행,포장 - 건조,맑음,단일로 - 기타,승용,남,28세,상해없음,보행자,남,61세,경상
2020030100100280,2020년 3월 1일 22시,일요일,인천광역시 남동구 만수동,부상신고사고,0,0,0,1,차대사람 - 기타,안전운전불이행,포장 - 건조,맑음,기타 - 기타,승용,남,42세,상해없음,보행자,여,25세,부상신고
2020030200100005,2020년 3월 2일 00시,월요일,인천광역시 계양구 효성동,경상사고,0,0,1,0,차대사람 - 기타,안전운전불이행,포장 - 건조,맑음,교차로 - 교차로부근,기타불명,기타불명,미분류,기타불명,보행자,남,34세,경상
2020030200100016,2020년 3월 2일 02시,월요일,인천광역시 부평구 부평동,경상사고,0,0,1,0,차대사람 - 횡단중,안전운전불이행,포장 - 건조,맑음,단일로 - 기타,승용,남,31세,상해없음,보행자,남,23세,경상
2020030200100017,2020년 3월 2일 02시,월요일,인천광역시 서구 검암동,사망사고,1,0,0,0,차대사람 - 기타,안전운전불이행,포장 - 건조,맑음,단일로 - 기타,화물,남,29세,상해없음,보행자,남,28세,사망
2020030200100108,2020년 3월 2일 09시,월요일,인천광역시 계양구 장기동,경상사고,0,0,1,0,차대사람 - 횡단중,보행자보호의무위반,포장 - 건조,맑음,교차로 - 교차로횡단보도내,승용,남,74세,상해없음,보행자,남,35세,경상
2020030200100187,2020년 3월 2일 12시,월요일,인천광역시 미추홀구 학익동,경상사고,0,0,1,0,차대사람 - 횡단중,보행자보호의무위반,포장 - 건조,맑음,교차로 - 교차로부근,승용,남,50세,상해없음,보행자,남,54세,경상
2020030200100319,2020년 3월 2일 17시,월요일,인천광역시 서구 당하동,경상사고,0,0,1,0,차대사람 - 횡단중,보행자보호의무위반,포장 - 건조,맑음,교차로 - 교차로횡단보도내,승용,여,41세,상해없음,보행자,남,10세,경상
2020030200100432,2020년 3월 2일 21시,월요일,인천광역시 서구 신현동,중상사고,0,1,0,0,차대사람 - 기타,안전운전불이행,포장 - 건조,맑음,단일로 - 기타,승용,남,58세,상해없음,보행자,여,54세,중상
2020030200100452,2020년 3월 2일 23시,월요일,인천광역시 동구 화평동,경상사고,0,0,1,0,차대사람 - 횡단중,보행자보호의무위반,포장 - 건조,맑음,교차로 - 교차로횡단보도내,화물,남,70세,상해없음,보행자,남,46세,경상
2020030300100028,2020년 3월 3일 03시,화요일,인천광역시 서구 마전동,중상사고,0,1,0,0,차대사람 - 횡단중,안전운전불이행,포장 - 건조,맑음,단일로 - 기타,승용,남,18세,상해없음,보행자,남,33세,중상
2020030300100134,2020년 3월 3일 10시,화요일,인천광역시 부평구 부평동,중상사고,0,1,0,0,차대사람 - 횡단중,안전운전불이행,포장 - 건조,맑음,단일로 - 기타,승합,남,57세,상해없음,보행자,여,81세,중상
2020030300100236,2020년 3월 3일 15시,화요일,인천광역시 동구 송현동,경상사고,0,0,1,0,차대사람 - 횡단중,안전운전불이행,포장 - 건조,맑음,교차로 - 교차로부근,승용,남,50세,상해없음,보행자,남,5세,경상
2020030300100328,2020년 3월 3일 19시,화요일,인천광역시 중구 운서동,중상사고,0,2,0,0,차대사람 - 기타,안전운전불이행,포장 - 건조,맑음,단일로 - 기타,이륜,남,24세,중상,보행자,남,60세,중상
2020030300100410,2020년 3월 3일 23시,화요일,인천광역시 미추홀구 주안동,경상사고,0,0,1,0,차대사람 - 보도통행중,안전운전불이행,포장 - 건조,맑음,기타 - 기타,기타불명,기타불명,미분류,기타불명,보행자,남,50세,경상
2020030400100023,2020년 3월 4일 02시,수요일,인천광역시 미추홀구 주안동,중상사고,0,1,0,0,차대사람 - 횡단중,안전운전불이행,포장 - 건조,맑음,교차로 - 교차로안,승용,남,34세,상해없음,보행자,여,45세,중상
2020030400100133,2020년 3월 4일 11시,수요일,인천광역시 부평구 십정동,중상사고,0,1,0,0,차대사람 - 횡단중,보행자보호의무위반,포장 - 건조,맑음,단일로 - 기타,승용,남,37세,상해없음,보행자,여,82세,중상
2020030400100252,2020년 3월 4일 16시,수요일,인천광역시 서구 청라동,경상사고,0,0,1,0,차대사람 - 기타,안전운전불이행,포장 - 건조,맑음,단일로 - 기타,승용,여,18세,상해없음,보행자,여,25세,경상
2020030500100109,2020년 3월 5일 08시,목요일,인천광역시 계양구 서운동,경상사고,0,0,1,0,차대사람 - 기타,안전운전불이행,포장 - 건조,맑음,기타 - 기타,승용,남,43세,상해없음,보행자,여,19세,경상
2020030500100500,2020년 3월 5일 23시,목요일,인천광역시 미추홀구 용현동,중상사고,0,1,0,0,차대사람 - 횡단중,안전운전불이행,포장 - 건조,맑음,단일로 - 기타,승용,남,60세,상해없음,보행자,남,25세,중상
2020030600100195,2020년 3월 6일 11시,금요일,인천광역시 남동구 구월동,중상사고,0,1,0,0,차대사람 - 길가장자리구역통행중,안전운전불이행,포장 - 건조,맑음,단일로 - 기타,화물,남,50세,상해없음,보행자,여,62세,중상
2020030600100404,2020년 3월 6일 17시,금요일,인천광역시 중구 을왕동,부상신고사고,0,0,0,1,차대사람 - 기타,안전운전불이행,포장 - 건조,맑음,단일로 - 기타,승용,남,32세,기타불명,보행자,남,25세,부상신고
2020030600100511,2020년 3월 6일 20시,금요일,인천광역시 계양구 계산동,경상사고,0,0,1,0,차대사람 - 횡단중,보행자보호의무위반,포장 - 건조,맑음,단일로 - 기타,승용,여,37세,상해없음,보행자,남,12세,경상
2020030600100540,2020년 3월 6일 21시,금요일,인천광역시 서구 청라동,중상사고,0,1,0,0,차대사람 - 횡단중,신호위반,포장 - 건조,맑음,교차로 - 교차로안,이륜,남,18세,상해없음,보행자,여,21세,중상
2020030600100579,2020년 3월 6일 23시,금요일,인천광역시 중구 운남동,중상사고,0,1,0,0,차대사람 - 횡단중,보행자보호의무위반,포장 - 건조,맑음,교차로 - 교차로안,승용,남,31세,상해없음,보행자,여,34세,중상
2020030700100008,2020년 3월 7일 00시,토요일,인천광역시 남동구 논현동,부상신고사고,0,0,0,1,차대사람 - 횡단중,신호위반,포장 - 건조,맑음,교차로 - 교차로횡단보도내,승용,남,28세,상해없음,보행자,남,37세,부상신고
2020030700100227,2020년 3월 7일 14시,토요일,인천광역시 동구 송림동,중상사고,0,1,0,0,차대사람 - 차도통행중,안전운전불이행,포장 - 건조,맑음,교차로 - 교차로부근,이륜,남,25세,상해없음,보행자,여,11세,중상
2020030700100324,2020년 3월 7일 18시,토요일,인천광역시 부평구 부평동,경상사고,0,0,1,0,차대사람 - 횡단중,안전운전불이행,포장 - 건조,맑음,단일로 - 기타,승용,남,47세,상해없음,보행자,남,15세,경상
2020030700100383,2020년 3월 7일 20시,토요일,인천광역시 부평구 부평동,경상사고,0,0,1,0,차대사람 - 횡단중,중앙선침범,포장 - 건조,맑음,단일로 - 기타,화물,남,50세,상해없음,보행자,여,20세,경상
2020030700100384,2020년 3월 7일 20시,토요일,인천광역시 서구 경서동,경상사고,0,0,1,0,차대사람 - 횡단중,안전운전불이행,포장 - 건조,맑음,교차로 - 교차로부근,화물,남,65세,상해없음,보행자,남,15세,경상
2020030700100436,2020년 3월 7일 23시,토요일,인천광역시 미추홀구 용현동,경상사고,0,0,1,0,차대사람 - 기타,안전운전불이행,포장 - 건조,맑음,단일로 - 기타,승용,남,21세,상해없음,보행자,남,22세,경상
2020030800100031,2020년 3월 8일 02시,일요일,인천광역시 미추홀구 도화동,부상신고사고,0,0,0,1,차대사람 - 기타,안전운전불이행,포장 - 건조,맑음,단일로 - 기타,기타불명,기타불명,미분류,기타불명,보행자,남,53세,부상신고
2020030800100123,2020년 3월 8일 11시,일요일,인천광역시 서구 가정동,경상사고,0,0,2,0,차대사람 - 횡단중,안전운전불이행,포장 - 건조,맑음,단일로 - 기타,이륜,남,51세,상해없음,보행자,남,19세,경상
2020030900100192,2020년 3월 9일 11시,월요일,인천광역시 계양구 계산동,경상사고,0,0,1,0,차대사람 - 횡단중,안전운전불이행,포장 - 건조,맑음,교차로 - 교차로부근,승용,여,50세,상해없음,보행자,여,74세,경상
2020030900100218,2020년 3월 9일 12시,월요일,인천광역시 동구 송림동,중상사고,0,1,0,0,차대사람 - 기타,안전운전불이행,포장 - 건조,맑음,단일로 - 기타,승용,남,67세,상해없음,보행자,여,85세,중상
2020030900100306,2020년 3월 9일 15시,월요일,인천광역시 남동구 구월동,부상신고사고,0,0,0,1,차대사람 - 횡단중,안전운전불이행,포장 - 건조,맑음,단일로 - 기타,승합,남,49세,상해없음,보행자,여,50세,부상신고
2020030900100326,2020년 3월 9일 16시,월요일,인천광역시 부평구 십정동,경상사고,0,0,1,0,차대사람 - 횡단중,안전운전불이행,포장 - 건조,흐림,단일로 - 기타,승용,남,67세,상해없음,보행자,여,34세,경상
2020031000100019,2020년 3월 10일 00시,화요일,인천광역시 서구 가좌동,경상사고,0,0,1,0,차대사람 - 차도통행중,안전운전불이행,포장 - 젖음/습기,비,단일로 - 지하차도(도로)내,승용,남,47세,상해없음,보행자,남,45세,경상
2020031000100110,2020년 3월 10일 08시,화요일,인천광역시 계양구 작전동,중상사고,0,1,0,0,차대사람 - 횡단중,안전거리미확보,포장 - 젖음/습기,비,교차로 - 교차로횡단보도내,화물,남,58세,상해없음,보행자,여,20세,중상
2020031100100074,2020년 3월 11일 07시,수요일,인천광역시 부평구 부개동,중상사고,0,1,0,0,차대사람 - 차도통행중,안전운전불이행,포장 - 건조,맑음,교차로 - 교차로부근,건설기계,남,66세,상해없음,보행자,남,48세,중상
2020031100100201,2020년 3월 11일 12시,수요일,인천광역시 부평구 산곡동,경상사고,0,0,1,0,차대사람 - 차도통행중,중앙선침범,포장 - 건조,맑음,단일로 - 기타,이륜,남,23세,상해없음,보행자,남,39세,경상
2020031200100169,2020년 3월 12일 10시,목요일,인천광역시 미추홀구 주안동,중상사고,0,1,0,0,차대사람 - 길가장자리구역통행중,안전운전불이행,포장 - 건조,맑음,기타 - 기타,승합,남,75세,상해없음,보행자,여,84세,중상
2020031200100225,2020년 3월 12일 12시,목요일,인천광역시 남동구 구월동,중상사고,0,1,0,0,차대사람 - 길가장자리구역통행중,안전운전불이행,포장 - 건조,맑음,단일로 - 기타,승용,여,63세,상해없음,보행자,남,58세,중상
2020031200100532,2020년 3월 12일 21시,목요일,인천광역시 서구 가좌동,경상사고,0,0,2,0,차대사람 - 기타,안전운전불이행,포장 - 건조,맑음,교차로 - 교차로안,승합,남,51세,상해없음,보행자,여,18세,경상
2020031200100555,2020년 3월 12일 22시,목요일,인천광역시 서구 가좌동,경상사고,0,0,1,0,차대사람 - 횡단중,안전운전불이행,포장 - 건조,맑음,교차로 - 교차로횡단보도내,승용,남,67세,상해없음,보행자,남,72세,경상
2020031300100348,2020년 3월 13일 17시,금요일,인천광역시 중구 답동,중상사고,0,1,0,0,차대사람 - 횡단중,보행자보호의무위반,포장 - 건조,맑음,교차로 - 교차로횡단보도내,이륜,남,20세,상해없음,보행자,여,23세,중상
2020031300100527,2020년 3월 13일 23시,금요일,인천광역시 서구 금곡동,중상사고,0,1,0,0,차대사람 - 기타,신호위반,포장 - 건조,맑음,교차로 - 교차로부근,승용,남,54세,상해없음,보행자,여,61세,중상
2020031400100079,2020년 3월 14일 05시,토요일,인천광역시 남동구 간석동,경상사고,0,0,1,0,차대사람 - 기타,안전운전불이행,포장 - 건조,맑음,교차로 - 교차로부근,승용,남,37세,상해없음,보행자,여,58세,경상
2020031400100324,2020년 3월 14일 15시,토요일,인천광역시 부평구 부평동,경상사고,0,0,1,0,차대사람 - 보도통행중,기타,포장 - 건조,맑음,교차로 - 교차로부근,승용,남,53세,상해없음,보행자,남,88세,경상
2020031400100325,2020년 3월 14일 15시,토요일,인천광역시 계양구 귤현동,경상사고,0,0,2,0,차대사람 - 기타,안전운전불이행,포장 - 건조,맑음,단일로 - 기타,자전거,남,43세,경상,보행자,남,11세,경상
2020031400100358,2020년 3월 14일 16시,토요일,인천광역시 동구 송림동,경상사고,0,0,1,0,차대사람 - 기타,보행자보호의무위반,포장 - 건조,맑음,교차로 - 교차로부근,승용,남,36세,기타불명,보행자,남,62세,경상
2020031400100509,2020년 3월 14일 22시,토요일,인천광역시 동구 송림동,중상사고,0,1,0,0,차대사람 - 횡단중,안전운전불이행,포장 - 건조,맑음,단일로 - 기타,승용,남,54세,상해없음,보행자,여,59세,중상
2020031500100069,2020년 3월 15일 06시,일요일,인천광역시 부평구 산곡동,중상사고,0,1,0,0,차대사람 - 길가장자리구역통행중,안전운전불이행,포장 - 건조,맑음,교차로 - 교차로부근,이륜,남,21세,기타불명,보행자,남,63세,중상
2020031500100137,2020년 3월 15일 12시,일요일,인천광역시 미추홀구 주안동,중상사고,0,1,0,0,차대사람 - 보도통행중,안전운전불이행,포장 - 건조,맑음,기타 - 기타,승용,남,58세,상해없음,보행자,여,19세,중상
2020031600100027,2020년 3월 16일 05시,월요일,인천광역시 중구 항동7가,경상사고,0,0,1,0,차대사람 - 횡단중,신호위반,포장 - 건조,맑음,기타 - 기타,화물,남,42세,상해없음,보행자,남,69세,경상
2020031600100376,2020년 3월 16일 17시,월요일,인천광역시 미추홀구 용현동,경상사고,0,0,1,0,차대사람 - 길가장자리구역통행중,안전운전불이행,포장 - 건조,맑음,단일로 - 기타,승합,남,35세,상해없음,보행자,여,67세,경상
2020031600100492,2020년 3월 16일 20시,월요일,인천광역시 남동구 구월동,중상사고,0,1,0,1,차대사람 - 횡단중,안전운전불이행,포장 - 건조,맑음,단일로 - 기타,승용,남,30세,상해없음,보행자,남,58세,중상
2020031600100493,2020년 3월 16일 20시,월요일,인천광역시 서구 마전동,경상사고,0,0,1,0,차대사람 - 차도통행중,안전운전불이행,포장 - 건조,맑음,단일로 - 기타,기타불명,기타불명,미분류,기타불명,보행자,남,31세,경상
2020031600100513,2020년 3월 16일 21시,월요일,인천광역시 계양구 계산동,중상사고,0,1,0,0,차대사람 - 횡단중,안전운전불이행,포장 - 건조,맑음,교차로 - 교차로횡단보도내,승용,남,41세,상해없음,보행자,남,61세,중상
2020031700100138,2020년 3월 17일 10시,화요일,인천광역시 미추홀구 주안동,경상사고,0,0,1,0,차대사람 - 횡단중,안전운전불이행,포장 - 건조,맑음,교차로 - 교차로횡단보도내,승용,여,59세,상해없음,보행자,남,51세,경상
2020031700100456,2020년 3월 17일 22시,화요일,인천광역시 서구 청라동,경상사고,0,0,1,0,차대사람 - 기타,안전운전불이행,포장 - 건조,맑음,주차장 - 주차장,승용,남,36세,상해없음,보행자,남,35세,경상
2020031800100460,2020년 3월 18일 20시,수요일,인천광역시 강화군 강화읍,경상사고,0,0,1,0,차대사람 - 횡단중,보행자보호의무위반,포장 - 건조,맑음,교차로 - 교차로횡단보도내,승용,여,56세,상해없음,보행자,남,59세,경상
2020031900100188,2020년 3월 19일 13시,목요일,인천광역시 계양구 작전동,중상사고,0,1,0,0,차대사람 - 횡단중,신호위반,포장 - 건조,맑음,교차로 - 교차로부근,이륜,남,18세,상해없음,보행자,여,55세,중상
2020031900100250,2020년 3월 19일 15시,목요일,인천광역시 미추홀구 주안동,경상사고,0,0,1,0,차대사람 - 기타,안전운전불이행,포장 - 건조,맑음,단일로 - 기타,화물,남,72세,상해없음,보행자,남,62세,경상
2020031900100313,2020년 3월 19일 17시,목요일,인천광역시 동구 송림동,경상사고,0,0,1,0,차대사람 - 기타,안전운전불이행,포장 - 건조,맑음,단일로 - 기타,이륜,남,23세,상해없음,보행자,남,69세,경상
2020031900100394,2020년 3월 19일 19시,목요일,인천광역시 미추홀구 주안동,경상사고,0,0,1,0,차대사람 - 횡단중,안전운전불이행,포장 - 건조,맑음,교차로 - 교차로부근,승용,남,51세,상해없음,보행자,여,27세,경상
2020031900100412,2020년 3월 19일 20시,목요일,인천광역시 미추홀구 숭의동,중상사고,0,2,0,0,차대사람 - 횡단중,신호위반,포장 - 건조,맑음,교차로 - 교차로부근,이륜,남,28세,상해없음,보행자,여,34세,중상
2020031900100435,2020년 3월 19일 21시,목요일,인천광역시 남동구 간석동,중상사고,0,1,0,0,차대사람 - 횡단중,신호위반,포장 - 건조,맑음,단일로 - 기타,이륜,남,46세,상해없음,보행자,여,33세,중상
2020032000100016,2020년 3월 20일 00시,금요일,인천광역시 서구 가정동,경상사고,0,0,1,0,차대사람 - 기타,안전운전불이행,포장 - 건조,맑음,교차로 - 교차로안,기타불명,기타불명,미분류,기타불명,보행자,남,34세,경상
2020032000100264,2020년 3월 20일 13시,금요일,인천광역시 계양구 효성동,경상사고,0,0,1,0,차대사람 - 횡단중,안전운전불이행,포장 - 건조,맑음,교차로 - 교차로안,승용,남,43세,상해없음,보행자,여,30세,경상
2020032000100348,2020년 3월 20일 15시,금요일,인천광역시 남동구 만수동,중상사고,0,1,0,0,차대사람 - 기타,중앙선침범,포장 - 건조,맑음,단일로 - 기타,화물,여,46세,상해없음,보행자,남,49세,중상
2020032000100429,2020년 3월 20일 17시,금요일,인천광역시 계양구 임학동,경상사고,0,0,1,0,차대사람 - 기타,안전운전불이행,포장 - 건조,맑음,단일로 - 기타,승합,남,53세,기타불명,보행자,여,82세,경상
2020032100100040,2020년 3월 21일 02시,토요일,인천광역시 남동구 간석동,중상사고,0,1,0,0,차대사람 - 횡단중,보행자보호의무위반,포장 - 건조,맑음,교차로 - 교차로부근,기타불명,기타불명,미분류,기타불명,보행자,여,29세,중상
2020032100100219,2020년 3월 21일 12시,토요일,인천광역시 계양구 임학동,경상사고,0,0,1,0,차대사람 - 횡단중,보행자보호의무위반,포장 - 건조,맑음,교차로 - 교차로횡단보도내,승용,여,48세,상해없음,보행자,여,66세,경상
2020032100100431,2020년 3월 21일 18시,토요일,인천광역시 서구 마전동,경상사고,0,0,1,0,차대사람 - 길가장자리구역통행중,안전운전불이행,포장 - 건조,맑음,교차로 - 교차로안,승용,남,26세,상해없음,보행자,남,31세,경상
2020032200100052,2020년 3월 22일 03시,일요일,인천광역시 남동구 간석동,경상사고,0,0,1,0,차대사람 - 기타,안전운전불이행,포장 - 건조,맑음,단일로 - 기타,승용,남,54세,상해없음,보행자,남,28세,경상
2020032200100072,2020년 3월 22일 05시,일요일,인천광역시 부평구 부평동,중상사고,0,1,1,0,차대사람 - 횡단중,안전운전불이행,포장 - 건조,맑음,단일로 - 기타,승용,남,68세,상해없음,보행자,여,24세,경상
2020032200100234,2020년 3월 22일 15시,일요일,인천광역시 서구 연희동,경상사고,0,0,1,0,차대사람 - 기타,안전운전불이행,포장 - 건조,맑음,단일로 - 기타,기타불명,기타불명,미분류,기타불명,보행자,여,23세,경상
2020032300100009,2020년 3월 23일 00시,월요일,인천광역시 미추홀구 용현동,중상사고,0,1,0,0,차대사람 - 횡단중,보행자보호의무위반,포장 - 건조,맑음,단일로 - 기타,원동기,남,36세,상해없음,보행자,남,32세,중상
2020032300100138,2020년 3월 23일 09시,월요일,인천광역시 서구 마전동,경상사고,0,0,1,0,차대사람 - 기타,안전운전불이행,포장 - 건조,맑음,교차로 - 교차로안,승용,여,47세,상해없음,보행자,남,56세,경상
2020032300100325,2020년 3월 23일 15시,월요일,인천광역시 서구 청라동,경상사고,0,0,1,0,차대사람 - 기타,안전운전불이행,포장 - 건조,맑음,단일로 - 기타,승용,남,49세,상해없음,보행자,남,45세,경상
2020032300100361,2020년 3월 23일 16시,월요일,인천광역시 서구 석남동,경상사고,0,0,1,0,차대사람 - 기타,안전운전불이행,포장 - 건조,맑음,교차로 - 교차로부근,승용,여,37세,상해없음,보행자,여,22세,경상
2020032300100390,2020년 3월 23일 17시,월요일,인천광역시 서구 석남동,경상사고,0,0,1,0,차대사람 - 기타,안전운전불이행,포장 - 건조,맑음,기타 - 기타,승용,여,54세,상해없음,보행자,여,47세,경상
2020032300100575,2020년 3월 23일 23시,월요일,인천광역시 계양구 작전동,경상사고,0,0,1,0,차대사람 - 횡단중,보행자보호의무위반,포장 - 건조,맑음,교차로 - 교차로횡단보도내,승용,남,26세,상해없음,보행자,여,58세,경상
2020032400100132,2020년 3월 24일 09시,화요일,인천광역시 남동구 구월동,경상사고,0,0,1,0,차대사람 - 기타,기타,포장 - 건조,맑음,단일로 - 기타,기타불명,기타불명,미분류,기타불명,보행자,여,27세,경상
2020032400100476,2020년 3월 24일 19시,화요일,인천광역시 연수구 송도동,중상사고,0,1,0,0,차대사람 - 횡단중,신호위반,포장 - 건조,맑음,교차로 - 교차로안,승용,남,48세,상해없음,보행자,여,50세,중상
2020032500100294,2020년 3월 25일 14시,수요일,인천광역시 중구 항동7가,중상사고,0,1,0,0,차대사람 - 기타,안전운전불이행,포장 - 건조,맑음,단일로 - 기타,기타불명,기타불명,미분류,기타불명,보행자,남,56세,중상
2020032500100325,2020년 3월 25일 15시,수요일,인천광역시 계양구 계산동,중상사고,0,1,0,0,차대사람 - 차도통행중,안전운전불이행,포장 - 건조,맑음,단일로 - 기타,승용,남,63세,상해없음,보행자,남,53세,중상
2020032500100359,2020년 3월 25일 16시,수요일,인천광역시 미추홀구 용현동,중상사고,0,1,0,0,차대사람 - 기타,안전운전불이행,포장 - 건조,맑음,단일로 - 기타,승합,남,54세,상해없음,보행자,여,70세,중상
2020032500100508,2020년 3월 25일 20시,수요일,인천광역시 미추홀구 문학동,부상신고사고,0,0,0,1,차대사람 - 기타,안전운전불이행,포장 - 건조,맑음,기타 - 기타,기타불명,기타불명,미분류,기타불명,보행자,남,41세,부상신고
2020032500100575,2020년 3월 25일 23시,수요일,인천광역시 남동구 간석동,경상사고,0,0,1,0,차대사람 - 횡단중,보행자보호의무위반,포장 - 건조,맑음,교차로 - 교차로안,승용,남,20세,상해없음,보행자,남,83세,경상
2020032600100014,2020년 3월 26일 00시,목요일,인천광역시 부평구 십정동,경상사고,0,0,1,0,차대사람 - 기타,안전운전불이행,포장 - 건조,맑음,단일로 - 지하차도(도로)내,승용,남,40세,상해없음,보행자,남,44세,경상
2020032600100371,2020년 3월 26일 18시,목요일,인천광역시 서구 공촌동,경상사고,0,0,1,0,차대사람 - 횡단중,신호위반,포장 - 건조,맑음,교차로 - 교차로안,이륜,남,33세,상해없음,보행자,남,59세,경상
2020032600100411,2020년 3월 26일 19시,목요일,인천광역시 미추홀구 숭의동,경상사고,0,0,1,0,차대사람 - 기타,안전운전불이행,포장 - 건조,맑음,단일로 - 기타,승용,남,33세,상해없음,보행자,여,66세,경상
2020032600100492,2020년 3월 26일 21시,목요일,인천광역시 미추홀구 주안동,경상사고,0,0,1,0,차대사람 - 기타,안전운전불이행,포장 - 건조,맑음,단일로 - 기타,기타불명,기타불명,미분류,기타불명,보행자,남,56세,경상
2020032700100428,2020년 3월 27일 18시,금요일,인천광역시 서구 신현동,중상사고,0,1,0,0,차대사람 - 기타,안전운전불이행,포장 - 건조,맑음,단일로 - 기타,승합,남,56세,상해없음,보행자,남,66세,중상
2020032800100133,2020년 3월 28일 09시,토요일,인천광역시 부평구 부평동,경상사고,0,0,1,0,차대사람 - 기타,안전운전불이행,포장 - 건조,맑음,주차장 - 주차장,승용,여,33세,상해없음,보행자,남,66세,경상
2020032800100514,2020년 3월 28일 23시,토요일,인천광역시 계양구 효성동,중상사고,0,1,0,0,차대사람 - 기타,안전운전불이행,포장 - 건조,맑음,단일로 - 기타,승용,남,71세,상해없음,보행자,남,36세,중상
2020032900100018,2020년 3월 29일 00시,일요일,인천광역시 연수구 연수동,중상사고,0,1,0,0,차대사람 - 길가장자리구역통행중,안전운전불이행,포장 - 건조,맑음,단일로 - 기타,승용,남,34세,상해없음,보행자,남,29세,중상
2020032900100148,2020년 3월 29일 12시,일요일,인천광역시 동구 송림동,경상사고,0,0,1,0,차대사람 - 기타,안전운전불이행,포장 - 건조,맑음,단일로 - 기타,화물,여,47세,상해없음,보행자,남,48세,경상
2020032900100385,2020년 3월 29일 23시,일요일,인천광역시 미추홀구 주안동,중상사고,0,1,0,0,차대사람 - 횡단중,안전운전불이행,포장 - 건조,맑음,단일로 - 기타,승합,남,70세,상해없음,보행자,남,56세,중상
2020033000100181,2020년 3월 30일 11시,월요일,인천광역시 계양구 계산동,경상사고,0,0,1,0,차대사람 - 차도통행중,안전운전불이행,포장 - 건조,맑음,단일로 - 기타,승용,남,45세,상해없음,보행자,여,59세,경상
2020033000100218,2020년 3월 30일 12시,월요일,인천광역시 서구 석남동,경상사고,0,0,1,0,차대사람 - 횡단중,신호위반,포장 - 건조,맑음,교차로 - 교차로횡단보도내,승용,여,66세,상해없음,보행자,남,59세,경상
2020033000100283,2020년 3월 30일 14시,월요일,인천광역시 부평구 부평동,경상사고,0,0,1,0,차대사람 - 차도통행중,안전운전불이행,포장 - 건조,맑음,기타 - 기타,승용,여,59세,상해없음,보행자,여,69세,경상
2020033100100350,2020년 3월 31일 16시,화요일,인천광역시 미추홀구 용현동,중상사고,0,1,0,0,차대사람 - 기타,안전운전불이행,포장 - 건조,맑음,교차로 - 교차로부근,승용,여,61세,상해없음,보행자,남,31세,중상
2020033100100538,2020년 3월 31일 23시,화요일,인천광역시 남동구 간석동,중상사고,0,1,0,0,차대사람 - 보도통행중,보행자보호의무위반,포장 - 건조,맑음,교차로 - 교차로횡단보도내,승용,여,42세,상해없음,보행자,여,21세,중상