사고번호,사고일시,요일,시군구,사고내용,사망자수,중상자수,경상자수,부상신고자수,사고유형,법규위반,노면상태,기상상태,도로형태,가해운전자 차종,가해운전자 성별,가해운전자 연령,가해운전자 상해정도,피해운전자 차종,피해운전자 성별,피해운전자 연령,피해운전자 상해정도
2020040100100172,2020년 4월 1일 11시,수요일,인천광역시 서구 당하동,경상사고,0,0,1,0,차대사람 - 기타,안전운전불이행,포장 - 건조,맑음,교차로 - 교차로안,승용,남,24세,상해없음,보행자,남,36세,경상
2020040100100229,2020년 4월 1일 13시,수요일,인천광역시 남동구 만수동,경상사고,0,0,1,0,차대사람 - 기타,안전운전불이행,포장 - 건조,맑음,교차로 - 교차로부근,화물,남,76세,상해없음,보행자,여,65세,경상
2020040100100264,2020년 4월 1일 14시,수요일,인천광역시 서구 가정동,중상사고,0,1,0,0,차대사람 - 횡단중,안전운전불이행,포장 - 건조,맑음,교차로 - 교차로부근,화물,남,47세,상해없음,보행자,여,81세,중상
2020040100100331,2020년 4월 1일 16시,수요일,인천광역시 남동구 구월동,중상사고,0,1,0,0,차대사람 - 보도통행중,신호위반,포장 - 건조,맑음,교차로 - 교차로부근,승합,남,37세,상해없음,보행자,남,66세,중상
2020040100100395,2020년 4월 1일 18시,수요일,인천광역시 강화군 삼산면,중상사고,0,1,0,0,차대사람 - 기타,안전운전불이행,포장 - 건조,맑음,단일로 - 지하차도(도로)내,승합,남,48세,상해없음,보행자,여,65세,중상
2020040200100038,2020년 4월 2일 03시,목요일,인천광역시 부평구 부평동,경상사고,0,0,1,0,차대사람 - 차도통행중,안전운전불이행,포장 - 건조,맑음,교차로 - 교차로부근,승용,남,27세,상해없음,보행자,남,21세,경상
2020040200100262,2020년 4월 2일 13시,목요일,인천광역시 남동구 논현동,경상사고,0,0,1,0,차대사람 - 횡단중,안전운전불이행,포장 - 건조,맑음,단일로 - 기타,승용,남,25세,상해없음,보행자,여,62세,경상
2020040200100405,2020년 4월 2일 17시,목요일,인천광역시 부평구 부평동,중상사고,0,1,0,0,차대사람 - 기타,안전운전불이행,포장 - 건조,맑음,단일로 - 지하차도(도로)내,승용,남,24세,상해없음,보행자,여,34세,중상
2020040200100408,2020년 4월 2일 17시,목요일,인천광역시 부평구 부평동,중상사고,0,1,0,0,차대사람 - 횡단중,안전운전불이행,포장 - 건조,맑음,교차로 - 교차로부근,자전거,남,19세,상해없음,보행자,여,73세,중상
2020040200100519,2020년 4월 2일 20시,목요일,인천광역시 남동구 간석동,중상사고,0,1,0,0,차대사람 - 차도통행중,안전운전불이행,포장 - 건조,맑음,단일로 - 기타,자전거,남,49세,상해없음,보행자,여,73세,중상
2020040300100207,2020년 4월 3일 12시,금요일,인천광역시 서구 왕길동,중상사고,0,1,0,0,차대사람 - 횡단중,보행자보호의무위반,포장 - 건조,맑음,기타 - 기타,승용,남,64세,상해없음,보행자,여,55세,중상
2020040300100434,2020년 4월 3일 18시,금요일,인천광역시 서구 원창동,경상사고,0,0,1,0,차대사람 - 기타,안전운전불이행,포장 - 건조,맑음,단일로 - 기타,승용,남,40세,상해없음,보행자,남,43세,경상
2020040300100481,2020년 4월 3일 19시,금요일,인천광역시 미추홀구 도화동,부상신고사고,0,0,0,1,차대사람 - 기타,안전운전불이행,포장 - 건조,맑음,교차로 - 교차로부근,기타불명,기타불명,미분류,기타불명,보행자,남,52세,부상신고
2020040400100156,2020년 4월 4일 10시,토요일,인천광역시 서구 마전동,중상사고,0,1,0,0,차대사람 - 기타,안전운전불이행,포장 - 건조,맑음,교차로 - 교차로안,승용,여,44세,상해없음,보행자,여,59세,중상
2020040400100196,2020년 4월 4일 11시,토요일,인천광역시 서구 석남동,중상사고,0,1,0,0,차대사람 - 횡단중,보행자보호의무위반,포장 - 건조,맑음,교차로 - 교차로안,이륜,남,54세,상해없음,보행자,여,74세,중상
2020040400100197,2020년 4월 4일 11시,토요일,인천광역시 부평구 갈산동,경상사고,0,0,1,0,차대사람 - 차도통행중,안전운전불이행,포장 - 건조,맑음,단일로 - 기타,사륜오토바이(ATV),남,58세,상해없음,보행자,남,44세,경상
2020040400100297,2020년 4월 4일 14시,토요일,인천광역시 남동구 구월동,경상사고,0,0,1,0,차대사람 - 차도통행중,안전운전불이행,포장 - 건조,맑음,교차로 - 교차로부근,승용,여,55세,상해없음,보행자,여,23세,경상
2020040400100298,2020년 4월 4일 14시,토요일,인천광역시 남동구 남촌동,경상사고,0,0,1,0,차대사람 - 횡단중,안전운전불이행,포장 - 건조,맑음,단일로 - 기타,이륜,남,76세,상해없음,보행자,여,66세,경상
2020040400100340,2020년 4월 4일 15시,토요일,인천광역시 남동구 남촌동,중상사고,0,1,0,0,차대사람 - 횡단중,안전운전불이행,포장 - 건조,맑음,교차로 - 교차로안,승용,남,55세,상해없음,보행자,남,61세,중상
2020040400100498,2020년 4월 4일 19시,토요일,인천광역시 서구 가좌동,경상사고,0,0,1,0,차대사람 - 보도통행중,안전운전불이행,포장 - 건조,맑음,교차로 - 교차로부근,승용,남,50세,상해없음,보행자,남,49세,경상
2020040400100576,2020년 4월 4일 22시,토요일,인천광역시 미추홀구 주안동,부상신고사고,0,0,0,1,차대사람 - 횡단중,신호위반,포장 - 건조,맑음,단일로 - 기타,기타불명,기타불명,미분류,기타불명,보행자,여,28세,부상신고
2020040500100064,2020년 4월 5일 05시,일요일,인천광역시 미추홀구 주안동,중상사고,0,1,0,0,차대사람 - 횡단중,안전운전불이행,포장 - 건조,맑음,교차로 - 교차로부근,승용,남,65세,상해없음,보행자,남,81세,중상
2020040500100376,2020년 4월 5일 20시,일요일,인천광역시 계양구 용종동,경상사고,0,0,1,0,차대사람 - 횡단중,보행자보호의무위반,포장 - 건조,맑음,교차로 - 교차로부근,이륜,남,35세,상해없음,보행자,남,13세,경상
2020040500100410,2020년 4월 5일 22시,일요일,인천광역시 미추홀구 주안동,경상사고,0,0,1,0,차대사람 - 기타,안전운전불이행,포장 - 건조,맑음,단일로 - 기타,승합,남,62세,상해없음,보행자,여,26세,경상
2020040600100106,2020년 4월 6일 08시,월요일,인천광역시 계양구 효성동,중상사고,0,1,0,0,차대사람 - 차도통행중,안전운전불이행,포장 - 건조,맑음,교차로 - 교차로부근,화물,남,59세,상해없음,보행자,남,79세,중상
2020040600100137,2020년 4월 6일 09시,월요일,인천광역시 서구 연희동,경상사고,0,0,1,0,차대사람 - 보도통행중,안전운전불이행,포장 - 건조,맑음,교차로 - 교차로안,화물,남,55세,상해없음,보행자,남,64세,경상
2020040600100138,2020년 4월 6일 09시,월요일,인천광역시 계양구 계산동,중상사고,0,1,0,0,차대사람 - 기타,안전운전불이행,포장 - 건조,맑음,단일로 - 기타,승용,여,58세,상해없음,보행자,남,52세,중상
2020040600100164,2020년 4월 6일 10시,월요일,인천광역시 남동구 구월동,중상사고,0,1,0,0,차대사람 - 횡단중,보행자보호의무위반,포장 - 건조,맑음,교차로 - 교차로안,승용,남,62세,상해없음,보행자,여,56세,중상
2020040600100193,2020년 4월 6일 11시,월요일,인천광역시 서구 석남동,중상사고,0,1,0,0,차대사람 - 차도통행중,안전운전불이행,포장 - 건조,맑음,교차로 - 교차로부근,화물,남,62세,상해없음,보행자,여,35세,중상
2020040600100195,2020년 4월 6일 11시,월요일,인천광역시 계양구 계산동,경상사고,0,0,1,0,차대사람 - 횡단중,신호위반,포장 - 건조,맑음,교차로 - 교차로횡단보도내,승용,남,58세,기타불명,보행자,여,18세,경상
2020040700100185,2020년 4월 7일 11시,화요일,인천광역시 강화군 강화읍,중상사고,0,1,0,0,차대사람 - 길가장자리구역통행중,안전운전불이행,포장 - 건조,맑음,단일로 - 기타,승용,남,66세,상해없음,보행자,여,80세,중상
2020040700100367,2020년 4월 7일 17시,화요일,인천광역시 남동구 구월동,경상사고,0,0,1,0,차대사람 - 길가장자리구역통행중,안전운전불이행,포장 - 건조,맑음,단일로 - 기타,승용,여,24세,상해없음,보행자,여,64세,경상
2020040700100368,2020년 4월 7일 17시,화요일,인천광역시 서구 청라동,경상사고,0,0,1,0,차대사람 - 횡단중,보행자보호의무위반,포장 - 건조,맑음,교차로 - 교차로횡단보도내,화물,남,61세,상해없음,보행자,남,17세,경상
2020040700100421,2020년 4월 7일 18시,화요일,인천광역시 계양구 작전동,경상사고,0,0,1,0,차대사람 - 횡단중,보행자보호의무위반,포장 - 건조,맑음,교차로 - 교차로안,승용,남,47세,상해없음,보행자,여,51세,경상
2020040700100488,2020년 4월 7일 20시,화요일,인천광역시 남동구 만수동,경상사고,0,0,1,0,차대사람 - 차도통행중,안전운전불이행,포장 - 건조,맑음,단일로 - 기타,승용,남,35세,상해없음,보행자,남,34세,경상
2020040700100529,2020년 4월 7일 22시,화요일,인천광역시 서구 가좌동,경상사고,0,0,1,0,차대사람 - 횡단중,안전운전불이행,포장 - 건조,맑음,교차로 - 교차로안,승용,여,22세,상해없음,보행자,여,27세,경상
2020040800100121,2020년 4월 8일 08시,수요일,인천광역시 남동구 간석동,중상사고,0,1,0,0,차대사람 - 기타,안전운전불이행,포장 - 건조,맑음,교차로 - 교차로안,승용,여,46세,상해없음,보행자,여,55세,중상
2020040800100122,2020년 4월 8일 08시,수요일,인천광역시 서구 신현동,중상사고,0,1,0,0,차대사람 - 횡단중,보행자보호의무위반,포장 - 건조,맑음,교차로 - 교차로부근,승용,남,35세,상해없음,보행자,여,31세,중상
2020040800100503,2020년 4월 8일 20시,수요일,인천광역시 연수구 송도동,중상사고,0,1,0,0,차대사람 - 보도통행중,보행자보호의무위반,포장 - 건조,맑음,교차로 - 교차로횡단보도내,승용,여,50세,상해없음,보행자,남,59세,중상
2020040800100528,2020년 4월 8일 21시,수요일,인천광역시 부평구 부평동,경상사고,0,0,1,0,차대사람 - 차도통행중,안전운전불이행,포장 - 건조,맑음,단일로 - 기타,승용,여,56세,상해없음,보행자,남,52세,경상
2020040900100167,2020년 4월 9일 10시,목요일,인천광역시 계양구 작전동,중상사고,0,1,0,0,차대사람 - 보도통행중,안전운전불이행,포장 - 건조,맑음,단일로 - 기타,승용,남,52세,상해없음,보행자,남,75세,중상
2020040900100462,2020년 4월 9일 18시,목요일,인천광역시 미추홀구 주안동,경상사고,0,0,1,0,차대사람 - 횡단중,신호위반,포장 - 건조,맑음,교차로 - 교차로안,승용,남,27세,상해없음,보행자,여,73세,경상
2020041000100403,2020년 4월 10일 17시,금요일,인천광역시 부평구 삼산동,중상사고,0,1,0,0,차대사람 - 횡단중,안전운전불이행,포장 - 건조,맑음,단일로 - 기타,화물,남,63세,상해없음,보행자,남,62세,중상
2020041100100026,2020년 4월 11일 01시,토요일,인천광역시 서구 심곡동,중상사고,0,1,0,0,차대사람 - 횡단중,안전운전불이행,포장 - 건조,맑음,교차로 - 교차로부근,승용,남,39세,상해없음,보행자,남,36세,중상
2020041100100363,2020년 4월 11일 16시,토요일,인천광역시 부평구 부평동,부상신고사고,0,0,0,1,차대사람 - 기타,안전운전불이행,포장 - 건조,맑음,기타 - 기타,이륜,남,35세,상해없음,보행자,남,23세,부상신고
2020041100100557,2020년 4월 11일 22시,토요일,인천광역시 남동구 구월동,중상사고,0,1,0,0,차대사람 - 횡단중,안전운전불이행,포장 - 건조,맑음,단일로 - 기타,승용,남,54세,상해없음,보행자,여,47세,중상
2020041100100578,2020년 4월 11일 23시,토요일,인천광역시 남동구 만수동,부상신고사고,0,0,0,1,차대사람 - 길가장자리구역통행중,안전운전불이행,포장 - 건조,맑음,단일로 - 기타,승용,남,47세,상해없음,보행자,남,35세,부상신고
2020041200100015,2020년 4월 12일 00시,일요일,인천광역시 미추홀구 학익동,중상사고,0,1,0,0,차대사람 - 횡단중,보행자보호의무위반,포장 - 건조,맑음,교차로 - 교차로안,승용,남,24세,상해없음,보행자,여,45세,중상
2020041200100329,2020년 4월 12일 18시,일요일,인천광역시 부평구 부평동,경상사고,0,0,1,0,차대사람 - 기타,안전운전불이행,포장 - 기타,맑음,단일로 - 기타,승합,남,64세,상해없음,보행자,남,55세,경상
2020041300100053,2020년 4월 13일 07시,월요일,인천광역시 계양구 계산동,중상사고,0,1,0,0,차대사람 - 횡단중,안전운전불이행,포장 - 건조,맑음,교차로 - 교차로안,특수,남,38세,상해없음,보행자,여,51세,중상
2020041300100249,2020년 4월 13일 13시,월요일,인천광역시 강화군 강화읍,중상사고,0,1,0,0,차대사람 - 횡단중,신호위반,포장 - 건조,맑음,교차로 - 교차로횡단보도내,승용,여,60세,상해없음,보행자,여,66세,중상
2020041300100348,2020년 4월 13일 16시,월요일,인천광역시 남동구 간석동,경상사고,0,0,1,0,차대사람 - 기타,안전운전불이행,포장 - 건조,맑음,단일로 - 기타,승용,남,59세,상해없음,보행자,남,43세,경상
2020041300100448,2020년 4월 13일 18시,월요일,인천광역시 미추홀구 주안동,경상사고,0,0,1,0,차대사람 - 기타,안전운전불이행,포장 - 건조,맑음,기타 - 기타,승용,남,62세,상해없음,보행자,남,48세,경상
2020041300100530,2020년 4월 13일 20시,월요일,인천광역시 남동구 간석동,경상사고,0,0,1,0,차대사람 - 차도통행중,안전운전불이행,포장 - 건조,맑음,단일로 - 기타,화물,남,48세,상해없음,보행자,여,44세,경상
2020041300100565,2020년 4월 13일 21시,월요일,인천광역시 동구 화수동,중상사고,0,1,0,0,차대사람 - 차도통행중,안전운전불이행,포장 - 건조,맑음,단일로 - 기타,승용,남,28세,상해없음,보행자,남,67세,중상
2020041300100585,2020년 4월 13일 22시,월요일,인천광역시 남동구 구월동,경상사고,0,0,1,0,차대사람 - 기타,안전운전불이행,포장 - 건조,맑음,교차로 - 교차로안,승용,남,25세,상해없음,보행자,여,17세,경상
2020041500100249,2020년 4월 15일 14시,수요일,인천광역시 부평구 십정동,경상사고,0,0,1,0,차대사람 - 길가장자리구역통행중,안전운전불이행,포장 - 건조,맑음,단일로 - 기타,승용,여,45세,상해없음,보행자,여,51세,경상
2020041500100314,2020년 4월 15일 16시,수요일,인천광역시 미추홀구 용현동,중상사고,0,1,0,0,차대사람 - 횡단중,보행자보호의무위반,포장 - 건조,맑음,교차로 - 교차로횡단보도내,화물,남,30세,상해없음,보행자,남,63세,중상
2020041600100007,2020년 4월 16일 00시,목요일,인천광역시 부평구 부평동,경상사고,0,0,1,0,차대사람 - 차도통행중,불법유턴,포장 - 건조,맑음,교차로 - 교차로부근,승용,남,62세,상해없음,보행자,남,55세,경상
2020041600100064,2020년 4월 16일 07시,목요일,인천광역시 연수구 송도동,경상사고,0,0,2,0,차대사람 - 기타,안전운전불이행,포장 - 건조,맑음,주차장 - 주차장,승합,남,58세,경상,보행자,남,22세,경상
2020041600100188,2020년 4월 16일 12시,목요일,인천광역시 남동구 서창동,경상사고,0,0,1,0,차대사람 - 횡단중,안전운전불이행,포장 - 건조,맑음,단일로 - 기타,승용,여,58세,상해없음,보행자,여,20세,경상
2020041600100491,2020년 4월 16일 21시,목요일,인천광역시 남동구 구월동,경상사고,0,0,1,0,차대사람 - 횡단중,보행자보호의무위반,포장 - 건조,맑음,교차로 - 교차로횡단보도내,승용,남,52세,상해없음,보행자,남,57세,경상
2020041700100435,2020년 4월 17일 19시,금요일,인천광역시 계양구 작전동,경상사고,0,0,1,0,차대사람 - 기타,안전운전불이행,포장 - 건조,맑음,단일로 - 기타,승용,남,82세,상해없음,보행자,여,63세,경상
2020041700100519,2020년 4월 17일 22시,금요일,인천광역시 계양구 계산동,경상사고,0,0,1,0,차대사람 - 기타,신호위반,포장 - 건조,맑음,단일로 - 기타,기타불명,기타불명,미분류,기타불명,보행자,남,44세,경상
2020041800100059,2020년 4월 18일 05시,토요일,인천광역시 연수구 송도동,중상사고,0,1,0,0,차대사람 - 차도통행중,안전운전불이행,포장 - 건조,맑음,단일로 - 기타,승용,여,28세,상해없음,보행자,남,61세,중상
2020041800100131,2020년 4월 18일 09시,토요일,인천광역시 미추홀구 도화동,경상사고,0,0,1,0,차대사람 - 보도통행중,기타,포장 - 건조,맑음,단일로 - 기타,화물,여,48세,상해없음,보행자,남,52세,경상
2020041800100254,2020년 4월 18일 13시,토요일,인천광역시 미추홀구 숭의동,중상사고,0,1,0,0,차대사람 - 횡단중,보행자보호의무위반,포장 - 건조,맑음,교차로 - 교차로안,승용,남,70세,상해없음,보행자,남,69세,중상
2020041800100519,2020년 4월 18일 22시,토요일,인천광역시 부평구 십정동,경상사고,0,0,1,0,차대사람 - 기타,안전운전불이행,포장 - 건조,맑음,단일로 - 지하차도(도로)내,승용,남,56세,상해없음,보행자,여,36세,경상
2020041900100057,2020년 4월 19일 04시,일요일,인천광역시 남동구 구월동,경상사고,0,0,1,0,차대사람 - 횡단중,신호위반,포장 - 건조,맑음,단일로 - 기타,이륜,남,38세,상해없음,보행자,남,35세,경상
2020042000100095,2020년 4월 20일 08시,월요일,인천광역시 계양구 임학동,경상사고,0,0,1,0,차대사람 - 기타,안전운전불이행,포장 - 건조,맑음,주차장 - 주차장,화물,남,58세,상해없음,보행자,여,48세,경상
2020042100100126,2020년 4월 21일 09시,화요일,인천광역시 남동구 구월동,중상사고,0,1,0,0,차대사람 - 횡단중,보행자보호의무위반,포장 - 건조,맑음,교차로 - 교차로안,승용,여,47세,상해없음,보행자,여,71세,중상
2020042100100522,2020년 4월 21일 22시,화요일,인천광역시 남동구 구월동,경상사고,0,0,1,0,차대사람 - 횡단중,보행자보호의무위반,포장 - 건조,맑음,단일로 - 기타,승용,남,51세,상해없음,보행자,여,24세,경상
2020042100100523,2020년 4월 21일 22시,화요일,인천광역시 서구 심곡동,경상사고,0,0,1,0,차대사람 - 기타,안전운전불이행,포장 - 건조,맑음,단일로 - 기타,승용,남,52세,상해없음,보행자,남,55세,경상
2020042200100085,2020년 4월 22일 07시,수요일,인천광역시 부평구 산곡동,중상사고,0,1,0,0,차대사람 - 횡단중,보행자보호의무위반,포장 - 건조,맑음,교차로 - 교차로횡단보도내,승용,남,57세,상해없음,보행자,여,41세,중상
2020042200100257,2020년 4월 22일 13시,수요일,인천광역시 남동구 만수동,경상사고,0,0,1,0,차대사람 - 기타,안전운전불이행,포장 - 건조,맑음,교차로 - 교차로안,승용,남,55세,상해없음,보행자,남,74세,경상
2020042300100011,2020년 4월 23일 00시,목요일,인천광역시 남동구 논현동,중상사고,0,1,0,0,차대사람 - 횡단중,안전운전불이행,포장 - 건조,맑음,교차로 - 교차로횡단보도내,승용,남,24세,상해없음,보행자,남,26세,중상
2020042300100028,2020년 4월 23일 02시,목요일,인천광역시 남동구 구월동,부상신고사고,0,0,0,1,차대사람 - 기타,안전운전불이행,포장 - 건조,맑음,교차로 - 교차로안,승용,남,29세,상해없음,보행자,남,22세,부상신고
2020042300100266,2020년 4월 23일 14시,목요일,인천광역시 계양구 임학동,경상사고,0,0,1,0,차대사람 - 횡단중,안전운전불이행,포장 - 건조,맑음,교차로 - 교차로안,화물,남,60세,상해없음,보행자,남,6세,경상
2020042300100298,2020년 4월 23일 15시,목요일,인천광역시 연수구 송도동,중상사고,0,1,1,0,차대사람 - 길가장자리구역통행중,안전운전불이행,포장 - 건조,맑음,교차로 - 교차로부근,승용,여,42세,상해없음,보행자,남,31세,중상
2020042400100179,2020년 4월 24일 10시,금요일,인천광역시 중구 신흥동3가,경상사고,0,0,1,0,차대사람 - 횡단중,보행자보호의무위반,포장 - 건조,맑음,교차로 - 교차로횡단보도내,화물,남,58세,상해없음,보행자,여,54세,경상
2020042400100506,2020년 4월 24일 18시,금요일,인천광역시 미추홀구 문학동,경상사고,0,0,1,0,차대사람 - 기타,안전운전불이행,포장 - 건조,맑음,교차로 - 교차로부근,승용,남,57세,상해없음,보행자,여,22세,경상
2020042500100043,2020년 4월 25일 02시,토요일,인천광역시 계양구 계산동,중상사고,0,1,0,0,차대사람 - 횡단중,안전운전불이행,포장 - 건조,맑음,단일로 - 기타,승용,남,61세,상해없음,보행자,여,26세,중상
2020042600100200,2020년 4월 26일 13시,일요일,인천광역시 계양구 작전동,경상사고,0,0,1,0,차대사람 - 길가장자리구역통행중,안전운전불이행,포장 - 건조,맑음,교차로 - 교차로부근,승용,남,37세,기타불명,보행자,남,66세,경상
2020042600100263,2020년 4월 26일 15시,일요일,인천광역시 중구 선화동,중상사고,0,1,0,0,차대사람 - 차도통행중,안전운전불이행,포장 - 건조,맑음,교차로 - 교차로안,승용,남,57세,상해없음,보행자,남,80세,중상
2020042700100007,2020년 4월 27일 00시,월요일,인천광역시 서구 마전동,경상사고,0,0,1,0,차대사람 - 횡단중,안전운전불이행,포장 - 건조,맑음,단일로 - 지하차도(도로)내,승용,남,33세,상해없음,보행자,남,61세,경상
2020042700100008,2020년 4월 27일 00시,월요일,인천광역시 서구 신현동,경상사고,0,0,1,0,차대사람 - 기타,안전운전불이행,포장 - 건조,맑음,단일로 - 기타,승용,남,44세,상해없음,보행자,남,61세,경상
2020042700100166,2020년 4월 27일 10시,월요일,인천광역시 남동구 구월동,중상사고,0,1,0,0,차대사람 - 기타,보행자보호의무위반,포장 - 건조,맑음,교차로 - 교차로안,이륜,남,26세,상해없음,보행자,여,59세,중상
2020042700100234,2020년 4월 27일 12시,월요일,인천광역시 계양구 효성동,중상사고,0,1,0,0,차대사람 - 횡단중,안전운전불이행,포장 - 건조,맑음,단일로 - 기타,승용,남,44세,상해없음,보행자,여,90세,중상
2020042700100388,2020년 4월 27일 16시,월요일,인천광역시 서구 검암동,중상사고,0,1,0,0,차대사람 - 기타,보행자보호의무위반,포장 - 건조,맑음,교차로 - 교차로안,화물,남,73세,상해없음,보행자,여,67세,중상
2020042700100389,2020년 4월 27일 16시,월요일,인천광역시 부평구 부개동,부상신고사고,0,0,0,1,차대사람 - 기타,안전운전불이행,포장 - 기타,맑음,단일로 - 기타,승용,남,39세,상해없음,보행자,남,60세,부상신고
2020042700100438,2020년 4월 27일 17시,월요일,인천광역시 남동구 논현동,경상사고,0,0,1,0,차대사람 - 횡단중,보행자보호의무위반,포장 - 건조,맑음,교차로 - 교차로횡단보도내,승용,남,67세,상해없음,보행자,여,48세,경상
2020042700100621,2020년 4월 27일 23시,월요일,인천광역시 미추홀구 용현동,경상사고,0,0,1,0,차대사람 - 횡단중,보행자보호의무위반,포장 - 건조,맑음,교차로 - 교차로횡단보도내,승용,남,54세,상해없음,보행자,남,54세,경상
2020042800100077,2020년 4월 28일 07시,화요일,인천광역시 남동구 논현동,경상사고,0,0,1,0,차대사람 - 횡단중,안전운전불이행,포장 - 건조,맑음,단일로 - 기타,승용,남,57세,상해없음,보행자,남,43세,경상
2020042800100112,2020년 4월 28일 08시,화요일,인천광역시 동구 화수동,경상사고,0,0,1,0,차대사람 - 차도통행중,안전운전불이행,포장 - 건조,맑음,단일로 - 기타,승용,남,59세,상해없음,보행자,여,40세,경상
2020042800100287,2020년 4월 28일 13시,화요일,인천광역시 미추홀구 주안동,부상신고사고,0,0,0,1,차대사람 - 기타,안전운전불이행,포장 - 건조,맑음,단일로 - 기타,화물,남,28세,상해없음,보행자,여,60세,부상신고
2020042800100376,2020년 4월 28일 15시,화요일,인천광역시 부평구 부평동,부상신고사고,0,0,0,1,차대사람 - 횡단중,안전운전불이행,포장 - 건조,맑음,교차로 - 교차로안,승용,여,61세,기타불명,보행자,여,69세,부상신고
2020042800100497,2020년 4월 28일 18시,화요일,인천광역시 중구 도원동,중상사고,0,1,0,0,차대사람 - 기타,안전운전불이행,포장 - 건조,맑음,교차로 - 교차로부근,승합,남,55세,기타불명,보행자,여,76세,중상
2020042800100596,2020년 4월 28일 21시,화요일,인천광역시 남동구 구월동,중상사고,0,1,0,0,차대사람 - 차도통행중,안전운전불이행,포장 - 건조,맑음,단일로 - 기타,이륜,남,41세,상해없음,보행자,남,52세,중상
2020042900100027,2020년 4월 29일 02시,수요일,인천광역시 남동구 구월동,중상사고,0,1,0,1,차대사람 - 기타,안전운전불이행,포장 - 건조,맑음,교차로 - 교차로부근,승용,남,62세,상해없음,보행자,남,28세,부상신고
2020042900100094,2020년 4월 29일 08시,수요일,인천광역시 서구 가좌동,경상사고,0,0,1,0,차대사람 - 횡단중,보행자보호의무위반,포장 - 건조,맑음,교차로 - 교차로안,승용,남,36세,상해없음,보행자,여,28세,경상
2020042900100271,2020년 4월 29일 13시,수요일,인천광역시 남동구 구월동,중상사고,0,1,0,0,차대사람 - 횡단중,안전운전불이행,포장 - 건조,맑음,교차로 - 교차로안,승용,여,29세,상해없음,보행자,남,14세,중상
2020042900100348,2020년 4월 29일 15시,수요일,인천광역시 연수구 옥련동,경상사고,0,0,1,0,차대사람 - 보도통행중,보행자보호의무위반,포장 - 건조,맑음,교차로 - 교차로안,승용,남,66세,상해없음,보행자,남,37세,경상
2020042900100394,2020년 4월 29일 16시,수요일,인천광역시 남동구 구월동,경상사고,0,0,1,0,차대사람 - 기타,안전운전불이행,포장 - 건조,맑음,교차로 - 교차로부근,승용,남,41세,상해없음,보행자,남,24세,경상
2020042900100631,2020년 4월 29일 21시,수요일,인천광역시 서구 왕길동,경상사고,0,0,1,0,차대사람 - 기타,안전운전불이행,포장 - 건조,맑음,단일로 - 기타,승용,남,56세,상해없음,보행자,남,42세,경상
2020043000100080,2020년 4월 30일 05시,목요일,인천광역시 계양구 효성동,경상사고,0,0,1,0,차대사람 - 횡단중,보행자보호의무위반,포장 - 건조,맑음,교차로 - 교차로부근,승용,남,56세,상해없음,보행자,여,43세,경상
2020043000100281,2020년 4월 30일 13시,목요일,인천광역시 남동구 간석동,경상사고,0,0,1,0,차대사람 - 기타,안전운전불이행,포장 - 건조,맑음,단일로 - 기타,승용,남,27세,상해없음,보행자,남,49세,경상
2020050100100013,2020년 5월 1일 00시,금요일,인천광역시 연수구 연수동,중상사고,0,1,0,0,차대사람 - 보도통행중,보행자보호의무위반,포장 - 건조,맑음,교차로 - 교차로부근,승용,남,62세,상해없음,보행자,남,49세,중상
2020050100100025,2020년 5월 1일 01시,금요일,인천광역시 부평구 부평동,경상사고,0,0,1,0,차대사람 - 기타,안전운전불이행,포장 - 건조,맑음,단일로 - 기타,승용,여,19세,상해없음,보행자,남,28세,경상
2020050100100031,2020년 5월 1일 02시,금요일,인천광역시 미추홀구 주안동,중상사고,0,1,0,0,차대사람 - 횡단중,신호위반,포장 - 건조,맑음,교차로 - 교차로안,이륜,남,20세,상해없음,보행자,남,40세,중상
2020050100100326,2020년 5월 1일 15시,금요일,인천광역시 서구 신현동,중상사고,0,1,0,0,차대사람 - 횡단중,안전운전불이행,포장 - 건조,맑음,교차로 - 교차로부근,화물,남,28세,상해없음,보행자,남,3세,중상
2020050100100417,2020년 5월 1일 17시,금요일,인천광역시 남동구 구월동,경상사고,0,0,1,0,차대사람 - 기타,안전운전불이행,포장 - 건조,맑음,단일로 - 기타,승용,남,78세,상해없음,보행자,남,9세,경상
2020050100100574,2020년 5월 1일 22시,금요일,인천광역시 미추홀구 주안동,중상사고,0,1,0,0,차대사람 - 횡단중,보행자보호의무위반,포장 - 건조,기타,단일로 - 기타,승합,남,59세,기타불명,보행자,여,59세,중상
2020050200100297,2020년 5월 2일 14시,토요일,인천광역시 서구 당하동,경상사고,0,0,1,0,차대사람 - 보도통행중,기타,포장 - 건조,맑음,단일로 - 기타,승용,남,46세,상해없음,보행자,여,24세,경상
2020050200100489,2020년 5월 2일 20시,토요일,인천광역시 미추홀구 주안동,중상사고,0,1,0,0,차대사람 - 횡단중,안전운전불이행,포장 - 건조,맑음,교차로 - 교차로안,승용,남,68세,상해없음,보행자,남,62세,중상