사고번호,사고일시,요일,시군구,사고내용,사망자수,중상자수,경상자수,부상신고자수,사고유형,법규위반,노면상태,기상상태,도로형태,가해운전자 차종,가해운전자 성별,가해운전자 연령,가해운전자 상해정도,피해운전자 차종,피해운전자 성별,피해운전자 연령,피해운전자 상해정도
2020082200100524,2020년 8월 22일 19시,토요일,인천광역시 중구 을왕동,중상사고,0,1,0,0,차대사람 - 기타,안전운전불이행,포장 - 건조,맑음,단일로 - 기타,승용,남,18세,상해없음,보행자,여,64세,중상
2020082200100630,2020년 8월 22일 23시,토요일,인천광역시 계양구 박촌동,중상사고,0,1,0,0,차대사람 - 차도통행중,안전운전불이행,포장 - 건조,맑음,단일로 - 기타,승용,남,38세,상해없음,보행자,남,38세,중상
2020082300100092,2020년 8월 23일 08시,일요일,인천광역시 남동구 장수동,경상사고,0,0,1,0,차대사람 - 횡단중,신호위반,포장 - 건조,맑음,교차로 - 교차로부근,승용,남,32세,상해없음,보행자,남,17세,경상
2020082300100224,2020년 8월 23일 14시,일요일,인천광역시 서구 신현동,경상사고,0,0,1,0,차대사람 - 길가장자리구역통행중,안전운전불이행,포장 - 건조,맑음,단일로 - 기타,이륜,남,35세,상해없음,보행자,여,13세,경상
2020082300100320,2020년 8월 23일 17시,일요일,인천광역시 중구 운서동,경상사고,0,0,1,0,차대사람 - 횡단중,보행자보호의무위반,포장 - 건조,맑음,교차로 - 교차로횡단보도내,승용,남,58세,상해없음,보행자,남,47세,경상
2020082400100020,2020년 8월 24일 01시,월요일,인천광역시 부평구 청천동,경상사고,0,0,1,0,차대사람 - 길가장자리구역통행중,안전운전불이행,포장 - 젖음/습기,맑음,교차로 - 교차로부근,화물,남,41세,상해없음,보행자,남,18세,경상
2020082400100229,2020년 8월 24일 11시,월요일,인천광역시 연수구 송도동,경상사고,0,0,1,0,차대사람 - 보도통행중,신호위반,포장 - 건조,맑음,교차로 - 교차로횡단보도내,승용,여,55세,상해없음,보행자,남,6세,경상
2020082500100059,2020년 8월 25일 06시,화요일,인천광역시 부평구 부평동,경상사고,0,0,1,0,차대사람 - 기타,안전운전불이행,포장 - 건조,맑음,교차로 - 교차로안,화물,남,68세,상해없음,보행자,남,60세,경상
2020082500100309,2020년 8월 25일 13시,화요일,인천광역시 부평구 십정동,경상사고,0,0,1,0,차대사람 - 보도통행중,안전운전불이행,포장 - 건조,맑음,교차로 - 교차로횡단보도내,승용,남,73세,상해없음,보행자,남,45세,경상
2020082500100418,2020년 8월 25일 16시,화요일,인천광역시 계양구 계산동,중상사고,0,1,0,0,차대사람 - 기타,안전운전불이행,포장 - 건조,맑음,단일로 - 기타,화물,남,60세,상해없음,보행자,여,29세,중상
2020082500100469,2020년 8월 25일 17시,화요일,인천광역시 강화군 강화읍,부상신고사고,0,0,0,1,차대사람 - 기타,안전운전불이행,포장 - 건조,맑음,단일로 - 지하차도(도로)내,화물,남,65세,상해없음,보행자,남,80세,부상신고
2020082500100511,2020년 8월 25일 18시,화요일,인천광역시 남동구 논현동,경상사고,0,0,1,0,차대사람 - 기타,기타,포장 - 건조,맑음,교차로 - 교차로부근,사륜오토바이(ATV),남,60세,기타불명,보행자,여,62세,경상
2020082600100132,2020년 8월 26일 09시,수요일,인천광역시 서구 신현동,중상사고,0,1,0,0,차대사람 - 횡단중,보행자보호의무위반,포장 - 건조,맑음,교차로 - 교차로횡단보도내,승용,남,40세,상해없음,보행자,여,60세,중상
2020082600100155,2020년 8월 26일 10시,수요일,인천광역시 미추홀구 용현동,경상사고,0,0,1,0,차대사람 - 보도통행중,안전운전불이행,포장 - 건조,맑음,기타 - 기타,승용,여,59세,상해없음,보행자,남,65세,경상
2020082600100186,2020년 8월 26일 11시,수요일,인천광역시 계양구 계산동,중상사고,0,1,0,0,차대사람 - 횡단중,안전운전불이행,포장 - 건조,맑음,교차로 - 교차로안,승용,남,52세,상해없음,보행자,남,73세,중상
2020082600100187,2020년 8월 26일 11시,수요일,인천광역시 남동구 만수동,중상사고,0,1,0,0,차대사람 - 기타,안전운전불이행,포장 - 건조,맑음,교차로 - 교차로안,승용,여,53세,상해없음,보행자,남,8세,중상
2020082600100389,2020년 8월 26일 17시,수요일,인천광역시 부평구 부평동,중상사고,0,1,0,0,차대사람 - 횡단중,안전운전불이행,포장 - 건조,맑음,교차로 - 교차로부근,승용,여,51세,상해없음,보행자,남,4세,중상
2020082600100453,2020년 8월 26일 19시,수요일,인천광역시 계양구 계산동,중상사고,0,1,0,0,차대사람 - 횡단중,안전운전불이행,포장 - 젖음/습기,비,교차로 - 교차로안,승용,남,30세,상해없음,보행자,남,50세,중상
2020082700100028,2020년 8월 27일 03시,목요일,인천광역시 남동구 만수동,중상사고,0,1,0,0,차대사람 - 기타,안전운전불이행,포장 - 젖음/습기,흐림,교차로 - 교차로부근,승용,여,27세,상해없음,보행자,여,38세,중상
2020082700100039,2020년 8월 27일 05시,목요일,인천광역시 남동구 만수동,중상사고,0,1,0,0,차대사람 - 횡단중,신호위반,포장 - 젖음/습기,비,교차로 - 교차로안,승용,남,55세,상해없음,보행자,남,54세,중상
2020082700100072,2020년 8월 27일 07시,목요일,인천광역시 연수구 송도동,중상사고,0,1,0,0,차대사람 - 차도통행중,안전운전불이행,포장 - 젖음/습기,흐림,교차로 - 교차로안,승용,남,51세,상해없음,보행자,여,70세,중상
2020082700100110,2020년 8월 27일 08시,목요일,인천광역시 미추홀구 문학동,중상사고,0,1,0,0,차대사람 - 기타,안전운전불이행,포장 - 젖음/습기,비,기타 - 기타,승용,남,43세,상해없음,보행자,남,70세,중상
2020082700100285,2020년 8월 27일 14시,목요일,인천광역시 계양구 작전동,중상사고,0,1,0,0,차대사람 - 횡단중,안전운전불이행,포장 - 건조,맑음,교차로 - 교차로안,승용,남,34세,상해없음,보행자,여,34세,중상
2020082700100469,2020년 8월 27일 19시,목요일,인천광역시 남동구 간석동,경상사고,0,0,1,0,차대사람 - 보도통행중,신호위반,포장 - 건조,맑음,교차로 - 교차로횡단보도내,승용,남,23세,상해없음,보행자,여,66세,경상
2020082700100527,2020년 8월 27일 21시,목요일,인천광역시 서구 마전동,중상사고,0,1,0,0,차대사람 - 횡단중,보행자보호의무위반,포장 - 젖음/습기,비,교차로 - 교차로횡단보도내,승용,남,35세,상해없음,보행자,남,62세,중상
2020082800100145,2020년 8월 28일 09시,금요일,인천광역시 부평구 부평동,중상사고,0,1,0,0,차대사람 - 기타,보행자보호의무위반,포장 - 건조,맑음,단일로 - 기타,건설기계,남,60세,상해없음,보행자,여,76세,중상
2020082800100200,2020년 8월 28일 11시,금요일,인천광역시 중구 운서동,경상사고,0,0,1,0,차대사람 - 차도통행중,안전운전불이행,포장 - 젖음/습기,흐림,교차로 - 교차로안,특수,남,28세,상해없음,보행자,남,36세,경상
2020082800100270,2020년 8월 28일 13시,금요일,인천광역시 부평구 부개동,중상사고,0,1,0,0,차대사람 - 기타,안전운전불이행,포장 - 젖음/습기,비,교차로 - 교차로부근,승용,여,62세,상해없음,보행자,여,72세,중상
2020082900100145,2020년 8월 29일 09시,토요일,인천광역시 계양구 병방동,중상사고,0,1,0,0,차대사람 - 기타,안전운전불이행,포장 - 건조,맑음,단일로 - 기타,화물,남,47세,상해없음,보행자,여,77세,중상
2020082900100436,2020년 8월 29일 18시,토요일,인천광역시 미추홀구 문학동,경상사고,0,0,1,0,차대사람 - 기타,안전운전불이행,포장 - 젖음/습기,비,단일로 - 기타,승용,여,45세,상해없음,보행자,여,6세,경상
2020082900100554,2020년 8월 29일 22시,토요일,인천광역시 서구 청라동,경상사고,0,0,1,0,차대사람 - 차도통행중,신호위반,포장 - 젖음/습기,비,교차로 - 교차로횡단보도내,이륜,남,26세,상해없음,보행자,남,46세,경상
2020082900100579,2020년 8월 29일 23시,토요일,인천광역시 남동구 구월동,경상사고,0,0,1,0,차대사람 - 횡단중,보행자보호의무위반,포장 - 젖음/습기,비,교차로 - 교차로부근,승용,여,49세,상해없음,보행자,남,47세,경상
2020083000100046,2020년 8월 30일 03시,일요일,인천광역시 부평구 부평동,중상사고,0,1,0,0,차대사람 - 기타,보행자보호의무위반,포장 - 젖음/습기,흐림,단일로 - 기타,이륜,남,29세,상해없음,보행자,남,51세,중상
2020083000100325,2020년 8월 30일 18시,일요일,인천광역시 남동구 만수동,경상사고,0,0,1,0,차대사람 - 길가장자리구역통행중,안전거리미확보,포장 - 건조,맑음,단일로 - 기타,화물,여,62세,상해없음,보행자,여,24세,경상
2020083100100102,2020년 8월 31일 08시,월요일,인천광역시 남동구 고잔동,경상사고,0,0,1,0,차대사람 - 횡단중,보행자보호의무위반,포장 - 건조,맑음,교차로 - 교차로안,승용,남,62세,상해없음,보행자,남,41세,경상
2020083100100131,2020년 8월 31일 09시,월요일,인천광역시 부평구 산곡동,중상사고,0,1,0,0,차대사람 - 길가장자리구역통행중,안전운전불이행,포장 - 건조,맑음,교차로 - 교차로부근,화물,남,24세,상해없음,보행자,여,75세,중상
2020083100100251,2020년 8월 31일 13시,월요일,인천광역시 계양구 계산동,중상사고,0,1,0,0,차대사람 - 기타,안전운전불이행,포장 - 건조,맑음,주차장 - 주차장,화물,남,52세,상해없음,보행자,여,59세,중상
2020083100100524,2020년 8월 31일 20시,월요일,인천광역시 연수구 송도동,중상사고,0,1,0,0,차대사람 - 횡단중,보행자보호의무위반,포장 - 건조,맑음,교차로 - 교차로횡단보도내,승용,남,48세,상해없음,보행자,남,30세,중상
2020083100100562,2020년 8월 31일 22시,월요일,인천광역시 미추홀구 용현동,경상사고,0,0,1,0,차대사람 - 횡단중,신호위반,포장 - 건조,맑음,교차로 - 교차로횡단보도내,이륜,남,17세,상해없음,보행자,여,25세,경상
2020090100100178,2020년 9월 1일 11시,화요일,인천광역시 연수구 옥련동,경상사고,0,0,1,0,차대사람 - 기타,안전운전불이행,포장 - 건조,맑음,단일로 - 기타,승용,남,42세,상해없음,보행자,여,86세,경상
2020090100100551,2020년 9월 1일 23시,화요일,인천광역시 남동구 간석동,경상사고,0,0,1,0,차대사람 - 기타,안전운전불이행,포장 - 건조,맑음,교차로 - 교차로부근,승용,남,40세,상해없음,보행자,여,35세,경상
2020090200100142,2020년 9월 2일 10시,수요일,인천광역시 부평구 부평동,경상사고,0,0,1,0,차대사람 - 횡단중,신호위반,포장 - 건조,맑음,단일로 - 기타,승용,남,68세,상해없음,보행자,남,30세,경상
2020090200100285,2020년 9월 2일 16시,수요일,인천광역시 남동구 구월동,경상사고,0,0,1,0,차대사람 - 횡단중,안전운전불이행,포장 - 젖음/습기,흐림,단일로 - 기타,승용,여,40세,상해없음,보행자,여,71세,경상
2020090200100329,2020년 9월 2일 17시,수요일,인천광역시 미추홀구 주안동,경상사고,0,0,1,0,차대사람 - 기타,안전운전불이행,포장 - 젖음/습기,비,기타 - 기타,화물,남,60세,상해없음,보행자,여,78세,경상
2020090200100409,2020년 9월 2일 19시,수요일,인천광역시 미추홀구 용현동,부상신고사고,0,0,0,1,차대사람 - 기타,안전운전불이행,포장 - 젖음/습기,비,단일로 - 기타,승용,여,50세,상해없음,보행자,남,24세,부상신고
2020090200100494,2020년 9월 2일 21시,수요일,인천광역시 부평구 부평동,중상사고,0,1,0,0,차대사람 - 횡단중,안전운전불이행,포장 - 젖음/습기,비,교차로 - 교차로횡단보도내,승용,남,51세,상해없음,보행자,남,56세,중상
2020090200100495,2020년 9월 2일 21시,수요일,인천광역시 남동구 구월동,중상사고,0,1,0,0,차대사람 - 차도통행중,안전운전불이행,포장 - 젖음/습기,비,단일로 - 기타,승용,남,36세,상해없음,보행자,남,55세,중상
2020090200100497,2020년 9월 2일 21시,수요일,인천광역시 남동구 장수동,중상사고,0,1,0,0,차대사람 - 길가장자리구역통행중,안전운전불이행,포장 - 젖음/습기,비,교차로 - 교차로안,승용,남,52세,상해없음,보행자,남,57세,중상
2020090300100022,2020년 9월 3일 01시,목요일,인천광역시 서구 석남동,중상사고,0,1,0,0,차대사람 - 차도통행중,안전운전불이행,포장 - 젖음/습기,비,단일로 - 기타,기타불명,기타불명,미분류,기타불명,보행자,남,34세,중상
2020090300100158,2020년 9월 3일 10시,목요일,인천광역시 남동구 만수동,중상사고,0,1,0,0,차대사람 - 기타,안전운전불이행,포장 - 건조,맑음,단일로 - 기타,승합,남,63세,상해없음,보행자,남,85세,중상
2020090300100226,2020년 9월 3일 13시,목요일,인천광역시 미추홀구 숭의동,중상사고,0,1,0,0,차대사람 - 기타,안전운전불이행,포장 - 건조,기타,단일로 - 기타,승용,여,56세,기타불명,보행자,남,63세,중상
2020090300100537,2020년 9월 3일 23시,목요일,인천광역시 남동구 간석동,중상사고,0,1,0,0,차대사람 - 차도통행중,안전운전불이행,포장 - 젖음/습기,흐림,단일로 - 기타,승용,남,53세,상해없음,보행자,남,73세,중상
2020090400100004,2020년 9월 4일 00시,금요일,인천광역시 서구 원당동,경상사고,0,0,1,0,차대사람 - 횡단중,안전운전불이행,포장 - 건조,맑음,교차로 - 교차로횡단보도내,화물,남,40세,상해없음,보행자,남,44세,경상
2020090400100168,2020년 9월 4일 10시,금요일,인천광역시 서구 신현동,경상사고,0,0,1,0,차대사람 - 보도통행중,기타,포장 - 건조,맑음,단일로 - 기타,승용,남,73세,상해없음,보행자,여,66세,경상
2020090400100298,2020년 9월 4일 14시,금요일,인천광역시 계양구 계산동,경상사고,0,0,1,0,차대사람 - 횡단중,안전운전불이행,포장 - 건조,맑음,단일로 - 기타,승용,여,29세,상해없음,보행자,남,49세,경상
2020090400100337,2020년 9월 4일 15시,금요일,인천광역시 부평구 부평동,중상사고,0,1,0,0,차대사람 - 기타,안전운전불이행,포장 - 건조,맑음,단일로 - 기타,건설기계,남,73세,상해없음,보행자,남,64세,중상
2020090400100548,2020년 9월 4일 20시,금요일,인천광역시 미추홀구 숭의동,경상사고,0,0,1,0,차대사람 - 횡단중,안전운전불이행,포장 - 건조,맑음,단일로 - 기타,이륜,남,40세,상해없음,보행자,남,48세,경상
2020090500100044,2020년 9월 5일 05시,토요일,인천광역시 남동구 만수동,중상사고,0,1,0,0,차대사람 - 차도통행중,안전운전불이행,포장 - 건조,맑음,단일로 - 기타,화물,남,63세,상해없음,보행자,여,79세,중상
2020090500100157,2020년 9월 5일 11시,토요일,인천광역시 미추홀구 학익동,경상사고,0,0,1,0,차대사람 - 기타,안전운전불이행,포장 - 건조,맑음,단일로 - 기타,화물,남,48세,상해없음,보행자,남,43세,경상
2020090500100190,2020년 9월 5일 12시,토요일,인천광역시 부평구 부개동,부상신고사고,0,0,0,1,차대사람 - 보도통행중,안전운전불이행,포장 - 건조,맑음,단일로 - 기타,승용,남,59세,상해없음,보행자,남,52세,부상신고
2020090500100237,2020년 9월 5일 13시,토요일,인천광역시 연수구 청학동,경상사고,0,0,1,0,차대사람 - 기타,안전운전불이행,포장 - 건조,맑음,단일로 - 기타,승용,여,58세,상해없음,보행자,남,5세,경상
2020090500100275,2020년 9월 5일 14시,토요일,인천광역시 남동구 논현동,중상사고,0,1,0,0,차대사람 - 횡단중,신호위반,포장 - 건조,맑음,단일로 - 기타,이륜,남,21세,상해없음,보행자,여,15세,중상
2020090600100351,2020년 9월 6일 20시,일요일,인천광역시 연수구 옥련동,경상사고,0,0,1,0,차대사람 - 기타,안전운전불이행,포장 - 젖음/습기,비,단일로 - 기타,승용,여,37세,상해없음,보행자,남,33세,경상
2020090700100111,2020년 9월 7일 08시,월요일,인천광역시 남동구 구월동,경상사고,0,0,1,0,차대사람 - 횡단중,안전운전불이행,포장 - 젖음/습기,비,교차로 - 교차로안,승용,여,56세,상해없음,보행자,여,72세,경상
2020090700100287,2020년 9월 7일 14시,월요일,인천광역시 서구 청라동,경상사고,0,0,1,0,차대사람 - 기타,안전운전불이행,포장 - 건조,맑음,교차로 - 교차로안,승용,여,52세,상해없음,보행자,여,63세,경상
2020090700100470,2020년 9월 7일 19시,월요일,인천광역시 동구 송현동,경상사고,0,0,1,0,차대사람 - 보도통행중,안전운전불이행,포장 - 건조,맑음,단일로 - 기타,이륜,남,29세,기타불명,보행자,여,53세,경상
2020090700100472,2020년 9월 7일 19시,월요일,인천광역시 서구 석남동,경상사고,0,0,1,0,차대사람 - 횡단중,신호위반,포장 - 젖음/습기,비,교차로 - 교차로안,이륜,남,39세,상해없음,보행자,남,22세,경상
2020090700100516,2020년 9월 7일 20시,월요일,인천광역시 부평구 산곡동,경상사고,0,0,1,0,차대사람 - 횡단중,보행자보호의무위반,포장 - 젖음/습기,비,교차로 - 교차로안,승용,남,68세,상해없음,보행자,남,15세,경상
2020090700100547,2020년 9월 7일 21시,월요일,인천광역시 미추홀구 학익동,중상사고,0,1,0,0,차대사람 - 보도통행중,신호위반,포장 - 젖음/습기,비,교차로 - 교차로횡단보도내,특수,남,75세,상해없음,보행자,남,50세,중상
2020090800100159,2020년 9월 8일 09시,화요일,인천광역시 강화군 강화읍,중상사고,0,1,0,0,차대사람 - 횡단중,교차로운행방법위반,포장 - 건조,맑음,교차로 - 교차로안,화물,남,30세,상해없음,보행자,여,77세,중상
2020090800100280,2020년 9월 8일 13시,화요일,인천광역시 서구 석남동,경상사고,0,0,1,0,차대사람 - 기타,안전운전불이행,포장 - 건조,맑음,단일로 - 지하차도(도로)내,승용,남,73세,기타불명,보행자,여,54세,경상
2020090800100355,2020년 9월 8일 15시,화요일,인천광역시 연수구 선학동,중상사고,0,1,0,0,차대사람 - 횡단중,보행자보호의무위반,포장 - 건조,맑음,교차로 - 교차로횡단보도내,화물,남,49세,상해없음,보행자,여,49세,중상
2020090800100356,2020년 9월 8일 15시,화요일,인천광역시 부평구 부평동,경상사고,0,0,1,0,차대사람 - 보도통행중,중앙선침범,포장 - 건조,맑음,교차로 - 교차로횡단보도내,승용,남,58세,상해없음,보행자,여,71세,경상
2020090800100529,2020년 9월 8일 19시,화요일,인천광역시 계양구 작전동,경상사고,0,0,1,0,차대사람 - 횡단중,기타,포장 - 건조,맑음,교차로 - 교차로횡단보도내,화물,남,67세,상해없음,보행자,남,32세,경상
2020090800100596,2020년 9월 8일 21시,화요일,인천광역시 남동구 논현동,경상사고,0,0,2,0,차대사람 - 기타,기타,포장 - 건조,맑음,단일로 - 기타,승용,여,51세,경상,보행자,남,39세,경상
2020090900100148,2020년 9월 9일 10시,수요일,인천광역시 서구 원창동,경상사고,0,0,1,0,차대사람 - 차도통행중,안전운전불이행,포장 - 건조,맑음,단일로 - 기타,화물,남,31세,상해없음,보행자,남,51세,경상
2020090900100150,2020년 9월 9일 10시,수요일,인천광역시 부평구 부평동,경상사고,0,0,1,0,차대사람 - 기타,안전운전불이행,포장 - 건조,맑음,교차로 - 교차로안,승용,여,59세,상해없음,보행자,여,85세,경상
2020090900100309,2020년 9월 9일 15시,수요일,인천광역시 남동구 구월동,경상사고,0,0,1,0,차대사람 - 횡단중,보행자보호의무위반,포장 - 건조,맑음,단일로 - 기타,승용,여,37세,상해없음,보행자,남,24세,경상
2020090900100333,2020년 9월 9일 16시,수요일,인천광역시 남동구 구월동,경상사고,0,0,1,0,차대사람 - 기타,안전운전불이행,포장 - 건조,맑음,단일로 - 기타,승용,남,46세,상해없음,보행자,여,38세,경상
2020090900100373,2020년 9월 9일 17시,수요일,인천광역시 부평구 부평동,중상사고,0,1,0,0,차대사람 - 횡단중,안전운전불이행,포장 - 건조,맑음,단일로 - 기타,이륜,남,17세,상해없음,보행자,여,84세,중상
2020090900100374,2020년 9월 9일 17시,수요일,인천광역시 부평구 산곡동,부상신고사고,0,0,0,1,차대사람 - 기타,안전운전불이행,포장 - 건조,흐림,단일로 - 기타,기타불명,기타불명,미분류,기타불명,보행자,남,53세,부상신고
2020090900100378,2020년 9월 9일 17시,수요일,인천광역시 계양구 작전동,중상사고,0,1,0,0,차대사람 - 횡단중,안전운전불이행,포장 - 건조,맑음,교차로 - 교차로안,승용,여,39세,상해없음,보행자,남,5세,중상
2020090900100477,2020년 9월 9일 20시,수요일,인천광역시 서구 가좌동,중상사고,0,1,0,0,차대사람 - 횡단중,안전운전불이행,포장 - 건조,맑음,단일로 - 기타,승용,여,41세,상해없음,보행자,남,31세,중상
2020090900100514,2020년 9월 9일 21시,수요일,인천광역시 미추홀구 주안동,중상사고,0,1,0,0,차대사람 - 횡단중,안전운전불이행,포장 - 건조,맑음,단일로 - 기타,승용,남,45세,상해없음,보행자,남,50세,중상
2020090900100515,2020년 9월 9일 21시,수요일,인천광역시 남동구 간석동,경상사고,0,0,1,0,차대사람 - 차도통행중,안전운전불이행,포장 - 건조,맑음,단일로 - 기타,기타불명,기타불명,미분류,기타불명,보행자,여,56세,경상
2020091000100247,2020년 9월 10일 13시,목요일,인천광역시 남동구 만수동,중상사고,0,1,0,0,차대사람 - 횡단중,신호위반,포장 - 건조,맑음,교차로 - 교차로안,승용,남,34세,상해없음,보행자,여,66세,중상
2020091000100341,2020년 9월 10일 16시,목요일,인천광역시 서구 백석동,경상사고,0,0,1,0,차대사람 - 기타,안전운전불이행,포장 - 건조,맑음,기타 - 기타,자전거,남,66세,상해없음,보행자,남,38세,경상
2020091100100340,2020년 9월 11일 16시,금요일,인천광역시 서구 석남동,경상사고,0,0,1,0,차대사람 - 기타,안전운전불이행,포장 - 젖음/습기,비,교차로 - 교차로부근,승용,남,20세,상해없음,보행자,남,8세,경상
2020091100100447,2020년 9월 11일 18시,금요일,인천광역시 미추홀구 숭의동,중상사고,0,1,0,0,차대사람 - 차도통행중,안전운전불이행,포장 - 건조,맑음,단일로 - 기타,이륜,남,22세,상해없음,보행자,여,79세,중상
2020091100100448,2020년 9월 11일 18시,금요일,인천광역시 부평구 부평동,중상사고,0,1,0,0,차대사람 - 차도통행중,안전운전불이행,포장 - 건조,흐림,단일로 - 기타,기타불명,기타불명,미분류,기타불명,보행자,남,50세,중상
2020091100100685,2020년 9월 11일 23시,금요일,인천광역시 미추홀구 숭의동,경상사고,0,0,2,0,차대사람 - 횡단중,안전운전불이행,포장 - 젖음/습기,비,교차로 - 교차로안,승용,남,58세,상해없음,보행자,여,38세,경상
2020091100100688,2020년 9월 11일 23시,금요일,인천광역시 서구 가정동,경상사고,0,0,1,0,차대사람 - 기타,안전운전불이행,포장 - 건조,맑음,단일로 - 기타,승용,남,60세,상해없음,보행자,남,27세,경상
2020091200100071,2020년 9월 12일 04시,토요일,인천광역시 남동구 구월동,경상사고,0,0,1,0,차대사람 - 횡단중,안전운전불이행,포장 - 젖음/습기,비,단일로 - 기타,승용,여,62세,상해없음,보행자,남,24세,경상
2020091200100145,2020년 9월 12일 09시,토요일,인천광역시 미추홀구 도화동,중상사고,0,1,0,0,차대사람 - 기타,안전운전불이행,포장 - 건조,맑음,단일로 - 기타,승용,여,62세,상해없음,보행자,남,31세,중상
2020091200100291,2020년 9월 12일 13시,토요일,인천광역시 계양구 병방동,중상사고,0,1,0,0,차대사람 - 횡단중,신호위반,포장 - 건조,맑음,교차로 - 교차로횡단보도내,이륜,남,34세,상해없음,보행자,여,50세,중상
2020091300100356,2020년 9월 13일 17시,일요일,인천광역시 부평구 삼산동,부상신고사고,0,0,0,1,차대사람 - 기타,안전운전불이행,포장 - 건조,맑음,단일로 - 기타,자전거,여,66세,기타불명,보행자,남,59세,부상신고
2020091400100087,2020년 9월 14일 07시,월요일,인천광역시 남동구 구월동,경상사고,0,0,1,0,차대사람 - 기타,안전운전불이행,포장 - 건조,맑음,단일로 - 기타,화물,남,61세,상해없음,보행자,남,60세,경상
2020091400100337,2020년 9월 14일 14시,월요일,인천광역시 미추홀구 주안동,부상신고사고,0,0,0,1,차대사람 - 횡단중,안전운전불이행,포장 - 건조,맑음,교차로 - 교차로횡단보도내,건설기계,남,60세,상해없음,보행자,남,68세,부상신고
2020091400100463,2020년 9월 14일 17시,월요일,인천광역시 미추홀구 주안동,부상신고사고,0,0,0,1,차대사람 - 기타,안전운전불이행,포장 - 건조,맑음,교차로 - 교차로부근,승용,여,42세,상해없음,보행자,여,74세,부상신고
2020091400100590,2020년 9월 14일 21시,월요일,인천광역시 서구 심곡동,경상사고,0,0,1,0,차대사람 - 기타,안전운전불이행,포장 - 건조,맑음,기타 - 기타,승용,남,39세,상해없음,보행자,남,61세,경상
2020091500100057,2020년 9월 15일 06시,화요일,인천광역시 부평구 삼산동,부상신고사고,0,0,0,1,차대사람 - 횡단중,안전운전불이행,포장 - 건조,맑음,교차로 - 교차로안,승용,남,38세,상해없음,보행자,여,65세,부상신고
2020091500100312,2020년 9월 15일 14시,화요일,인천광역시 남동구 만수동,중상사고,0,1,0,0,차대사람 - 보도통행중,기타,포장 - 건조,맑음,단일로 - 기타,자전거,기타불명,미분류,기타불명,보행자,남,58세,중상
2020091500100349,2020년 9월 15일 15시,화요일,인천광역시 부평구 갈산동,경상사고,0,0,1,0,차대사람 - 차도통행중,안전운전불이행,포장 - 건조,맑음,교차로 - 교차로부근,화물,남,63세,상해없음,보행자,여,62세,경상
2020091500100506,2020년 9월 15일 19시,화요일,인천광역시 서구 석남동,경상사고,0,0,1,0,차대사람 - 길가장자리구역통행중,안전운전불이행,포장 - 건조,맑음,단일로 - 기타,화물,남,50세,상해없음,보행자,여,61세,경상
2020091500100507,2020년 9월 15일 19시,화요일,인천광역시 서구 청라동,경상사고,0,0,1,0,차대사람 - 보도통행중,기타,포장 - 건조,맑음,단일로 - 기타,이륜,남,27세,상해없음,보행자,남,16세,경상
2020091600100012,2020년 9월 16일 00시,수요일,인천광역시 부평구 부평동,부상신고사고,0,0,0,1,차대사람 - 기타,안전운전불이행,포장 - 건조,맑음,기타 - 기타,이륜,남,19세,상해없음,보행자,남,23세,부상신고
2020091600100256,2020년 9월 16일 13시,수요일,인천광역시 동구 송현동,경상사고,0,0,1,0,차대사람 - 횡단중,안전운전불이행,포장 - 건조,맑음,교차로 - 교차로안,승용,남,67세,상해없음,보행자,여,10세,경상
2020091600100283,2020년 9월 16일 14시,수요일,인천광역시 미추홀구 용현동,중상사고,0,1,0,0,차대사람 - 횡단중,보행자보호의무위반,포장 - 건조,맑음,교차로 - 교차로안,승용,여,21세,상해없음,보행자,여,24세,중상
2020091600100284,2020년 9월 16일 14시,수요일,인천광역시 남동구 구월동,경상사고,0,0,1,0,차대사람 - 횡단중,안전운전불이행,포장 - 건조,맑음,단일로 - 기타,승용,남,33세,상해없음,보행자,남,23세,경상
2020091600100312,2020년 9월 16일 15시,수요일,인천광역시 서구 가좌동,중상사고,0,1,0,0,차대사람 - 차도통행중,안전운전불이행,포장 - 건조,맑음,교차로 - 교차로안,화물,남,22세,상해없음,보행자,여,59세,중상
2020091600100314,2020년 9월 16일 15시,수요일,인천광역시 남동구 논현동,사망사고,1,0,0,0,차대사람 - 기타,안전운전불이행,포장 - 건조,맑음,교차로 - 교차로부근,승용,여,65세,상해없음,보행자,남,75세,사망
2020091600100354,2020년 9월 16일 16시,수요일,인천광역시 부평구 삼산동,경상사고,0,0,1,0,차대사람 - 기타,안전운전불이행,포장 - 건조,맑음,교차로 - 교차로안,화물,남,52세,상해없음,보행자,남,15세,경상
2020091600100482,2020년 9월 16일 19시,수요일,인천광역시 남동구 만수동,경상사고,0,0,1,0,차대사람 - 횡단중,보행자보호의무위반,포장 - 건조,맑음,교차로 - 교차로안,승용,남,28세,상해없음,보행자,남,59세,경상
2020091600100555,2020년 9월 16일 22시,수요일,인천광역시 미추홀구 주안동,중상사고,0,2,0,0,차대사람 - 횡단중,신호위반,포장 - 건조,맑음,단일로 - 기타,승용,남,42세,상해없음,보행자,남,64세,중상