사고번호,사고일시,요일,시군구,사고내용,사망자수,중상자수,경상자수,부상신고자수,사고유형,법규위반,노면상태,기상상태,도로형태,가해운전자 차종,가해운전자 성별,가해운전자 연령,가해운전자 상해정도,피해운전자 차종,피해운전자 성별,피해운전자 연령,피해운전자 상해정도
2020091600100556,2020년 9월 16일 22시,수요일,인천광역시 미추홀구 주안동,중상사고,0,1,0,0,차대사람 - 횡단중,안전운전불이행,포장 - 건조,맑음,교차로 - 교차로안,이륜,남,54세,상해없음,보행자,여,62세,중상
2020091700100025,2020년 9월 17일 03시,목요일,인천광역시 미추홀구 주안동,부상신고사고,0,0,0,1,차대사람 - 길가장자리구역통행중,안전운전불이행,포장 - 건조,맑음,교차로 - 교차로부근,승용,여,30세,상해없음,보행자,남,25세,부상신고
2020091700100222,2020년 9월 17일 12시,목요일,인천광역시 중구 답동,경상사고,0,0,1,0,차대사람 - 횡단중,안전운전불이행,포장 - 건조,맑음,교차로 - 교차로횡단보도내,화물,남,60세,상해없음,보행자,남,76세,경상
2020091700100403,2020년 9월 17일 17시,목요일,인천광역시 계양구 효성동,경상사고,0,0,1,0,차대사람 - 보도통행중,안전운전불이행,포장 - 건조,맑음,단일로 - 기타,자전거,남,59세,경상,보행자,여,57세,상해없음
2020091700100487,2020년 9월 17일 19시,목요일,인천광역시 부평구 부개동,경상사고,0,0,1,0,차대사람 - 횡단중,안전운전불이행,포장 - 건조,맑음,교차로 - 교차로부근,승용,여,59세,상해없음,보행자,여,55세,경상
2020091800100119,2020년 9월 18일 08시,금요일,인천광역시 계양구 작전동,경상사고,0,0,1,0,차대사람 - 보도통행중,기타,포장 - 건조,맑음,기타 - 기타,기타불명,남,57세,상해없음,보행자,여,28세,경상
2020091800100154,2020년 9월 18일 09시,금요일,인천광역시 미추홀구 주안동,부상신고사고,0,0,0,1,차대사람 - 기타,안전운전불이행,포장 - 건조,맑음,교차로 - 교차로부근,승용,남,62세,상해없음,보행자,여,54세,부상신고
2020091800100155,2020년 9월 18일 09시,금요일,인천광역시 서구 청라동,경상사고,0,0,1,0,차대사람 - 기타,안전운전불이행,포장 - 건조,맑음,기타 - 기타,화물,남,34세,상해없음,보행자,남,65세,경상
2020091800100257,2020년 9월 18일 12시,금요일,인천광역시 계양구 작전동,경상사고,0,0,1,0,차대사람 - 차도통행중,안전운전불이행,포장 - 건조,맑음,단일로 - 기타,자전거,남,48세,상해없음,보행자,여,70세,경상
2020091800100295,2020년 9월 18일 13시,금요일,인천광역시 부평구 갈산동,중상사고,0,1,0,0,차대사람 - 횡단중,보행자보호의무위반,포장 - 건조,맑음,교차로 - 교차로횡단보도내,원동기,남,52세,상해없음,보행자,여,67세,중상
2020091800100340,2020년 9월 18일 14시,금요일,인천광역시 부평구 일신동,부상신고사고,0,0,0,1,차대사람 - 기타,안전운전불이행,포장 - 건조,맑음,단일로 - 기타,승용,남,23세,상해없음,보행자,남,43세,부상신고
2020091800100381,2020년 9월 18일 15시,금요일,인천광역시 강화군 화도면,중상사고,0,1,0,0,차대사람 - 횡단중,안전운전불이행,포장 - 건조,맑음,단일로 - 지하차도(도로)내,화물,남,83세,상해없음,보행자,여,77세,중상
2020091800100447,2020년 9월 18일 16시,금요일,인천광역시 미추홀구 도화동,중상사고,0,1,0,0,차대사람 - 기타,기타,포장 - 건조,맑음,교차로 - 교차로부근,승합,남,54세,상해없음,보행자,남,74세,중상
2020091800100499,2020년 9월 18일 17시,금요일,인천광역시 서구 신현동,경상사고,0,0,1,0,차대사람 - 횡단중,신호위반,포장 - 건조,맑음,단일로 - 기타,승용,남,57세,상해없음,보행자,여,53세,경상
2020091800100612,2020년 9월 18일 19시,금요일,인천광역시 남동구 논현동,경상사고,0,0,1,0,차대사람 - 기타,안전운전불이행,포장 - 건조,맑음,기타 - 기타,자전거,남,31세,기타불명,보행자,여,38세,경상
2020091900100029,2020년 9월 19일 01시,토요일,인천광역시 부평구 부평동,부상신고사고,0,0,0,2,차대사람 - 길가장자리구역통행중,안전운전불이행,포장 - 건조,맑음,단일로 - 기타,승용,남,18세,상해없음,보행자,남,24세,부상신고
2020091900100037,2020년 9월 19일 02시,토요일,인천광역시 계양구 작전동,경상사고,0,0,1,0,차대사람 - 횡단중,보행자보호의무위반,포장 - 젖음/습기,비,교차로 - 교차로횡단보도내,승용,남,56세,상해없음,보행자,남,34세,경상
2020091900100532,2020년 9월 19일 17시,토요일,인천광역시 미추홀구 주안동,부상신고사고,0,0,0,1,차대사람 - 기타,안전운전불이행,포장 - 건조,맑음,단일로 - 기타,승용,남,72세,상해없음,보행자,여,69세,부상신고
2020091900100674,2020년 9월 19일 21시,토요일,인천광역시 부평구 십정동,중상사고,0,1,0,0,차대사람 - 차도통행중,안전운전불이행,포장 - 건조,맑음,단일로 - 기타,승합,남,75세,상해없음,보행자,남,37세,중상
2020091900100675,2020년 9월 19일 21시,토요일,인천광역시 남동구 만수동,중상사고,0,1,1,0,차대사람 - 횡단중,안전운전불이행,포장 - 건조,맑음,단일로 - 기타,이륜,남,34세,상해없음,보행자,여,60세,경상
2020092000100106,2020년 9월 20일 08시,일요일,인천광역시 부평구 부평동,부상신고사고,0,0,0,1,차대사람 - 기타,안전운전불이행,포장 - 건조,맑음,단일로 - 기타,승합,남,51세,상해없음,보행자,남,25세,부상신고
2020092000100446,2020년 9월 20일 19시,일요일,인천광역시 연수구 송도동,경상사고,0,0,1,0,차대사람 - 길가장자리구역통행중,신호위반,포장 - 건조,맑음,교차로 - 교차로안,자전거,남,21세,상해없음,보행자,여,64세,경상
2020092000100480,2020년 9월 20일 20시,일요일,인천광역시 중구 운남동,중상사고,0,1,0,0,차대사람 - 횡단중,보행자보호의무위반,포장 - 건조,맑음,교차로 - 교차로안,승용,남,47세,상해없음,보행자,남,28세,중상
2020092100100043,2020년 9월 21일 05시,월요일,인천광역시 미추홀구 숭의동,중상사고,0,1,0,0,차대사람 - 기타,안전운전불이행,포장 - 건조,맑음,교차로 - 교차로부근,승용,남,64세,상해없음,보행자,여,65세,중상
2020092100100079,2020년 9월 21일 07시,월요일,인천광역시 서구 심곡동,경상사고,0,0,1,0,차대사람 - 횡단중,보행자보호의무위반,포장 - 건조,맑음,교차로 - 교차로횡단보도내,승용,남,60세,상해없음,보행자,여,25세,경상
2020092100100286,2020년 9월 21일 12시,월요일,인천광역시 부평구 부평동,중상사고,0,1,0,0,차대사람 - 횡단중,안전운전불이행,포장 - 건조,맑음,교차로 - 교차로안,승용,남,76세,상해없음,보행자,여,84세,중상
2020092100100701,2020년 9월 21일 22시,월요일,인천광역시 서구 가정동,중상사고,0,1,0,0,차대사람 - 횡단중,보행자보호의무위반,포장 - 건조,맑음,교차로 - 교차로횡단보도내,승용,남,46세,상해없음,보행자,여,20세,중상
2020092200100018,2020년 9월 22일 01시,화요일,인천광역시 부평구 부평동,중상사고,0,1,0,0,차대사람 - 기타,안전운전불이행,포장 - 건조,맑음,교차로 - 교차로안,승용,남,32세,상해없음,보행자,남,27세,중상
2020092200100135,2020년 9월 22일 08시,화요일,인천광역시 부평구 청천동,중상사고,0,1,1,0,차대사람 - 기타,보행자보호의무위반,포장 - 건조,맑음,교차로 - 교차로횡단보도내,승용,남,66세,상해없음,보행자,여,34세,중상
2020092200100416,2020년 9월 22일 15시,화요일,인천광역시 서구 청라동,경상사고,0,0,1,0,차대사람 - 기타,안전운전불이행,포장 - 건조,맑음,기타 - 기타,개인형이동수단(PM),남,49세,상해없음,보행자,남,67세,경상
2020092200100418,2020년 9월 22일 15시,화요일,인천광역시 남동구 논현동,중상사고,0,1,0,0,차대사람 - 횡단중,보행자보호의무위반,포장 - 건조,맑음,교차로 - 교차로횡단보도내,승합,여,37세,상해없음,보행자,여,83세,중상
2020092200100589,2020년 9월 22일 18시,화요일,인천광역시 연수구 송도동,중상사고,0,1,0,0,차대사람 - 횡단중,보행자보호의무위반,포장 - 건조,맑음,교차로 - 교차로횡단보도내,승용,여,45세,상해없음,보행자,남,8세,중상
2020092300100045,2020년 9월 23일 05시,수요일,인천광역시 부평구 부평동,중상사고,0,1,0,0,차대사람 - 횡단중,안전운전불이행,포장 - 건조,맑음,교차로 - 교차로안,승용,남,61세,상해없음,보행자,여,66세,중상
2020092300100295,2020년 9월 23일 13시,수요일,인천광역시 미추홀구 주안동,부상신고사고,0,0,0,1,차대사람 - 기타,안전운전불이행,포장 - 건조,맑음,단일로 - 기타,기타불명,기타불명,미분류,기타불명,보행자,남,10세,부상신고
2020092300100334,2020년 9월 23일 14시,수요일,인천광역시 부평구 삼산동,중상사고,0,1,0,0,차대사람 - 횡단중,안전운전불이행,포장 - 건조,맑음,기타 - 기타,승용,남,51세,상해없음,보행자,여,61세,중상
2020092300100450,2020년 9월 23일 17시,수요일,인천광역시 부평구 십정동,경상사고,0,0,1,0,차대사람 - 횡단중,안전운전불이행,포장 - 건조,맑음,단일로 - 기타,승용,남,62세,상해없음,보행자,여,31세,경상
2020092300100612,2020년 9월 23일 21시,수요일,인천광역시 남동구 구월동,중상사고,0,1,0,0,차대사람 - 횡단중,보행자보호의무위반,포장 - 건조,맑음,단일로 - 기타,승용,남,40세,상해없음,보행자,여,49세,중상
2020092400100043,2020년 9월 24일 04시,목요일,인천광역시 미추홀구 도화동,중상사고,0,1,0,0,차대사람 - 횡단중,보행자보호의무위반,포장 - 건조,맑음,교차로 - 교차로횡단보도내,승용,남,68세,상해없음,보행자,여,58세,중상
2020092400100144,2020년 9월 24일 08시,목요일,인천광역시 미추홀구 용현동,중상사고,0,1,0,0,차대사람 - 횡단중,보행자보호의무위반,포장 - 건조,맑음,교차로 - 교차로횡단보도내,승용,남,58세,상해없음,보행자,여,57세,중상
2020092400100304,2020년 9월 24일 13시,목요일,인천광역시 서구 불로동,경상사고,0,0,1,0,차대사람 - 기타,안전운전불이행,포장 - 건조,맑음,단일로 - 기타,승용,여,53세,상해없음,보행자,남,52세,경상
2020092400100408,2020년 9월 24일 16시,목요일,인천광역시 동구 만석동,경상사고,0,0,1,0,차대사람 - 횡단중,안전운전불이행,포장 - 건조,맑음,단일로 - 기타,승용,남,50세,상해없음,보행자,남,8세,경상
2020092400100518,2020년 9월 24일 18시,목요일,인천광역시 서구 가좌동,중상사고,0,1,0,0,차대사람 - 기타,안전운전불이행,포장 - 건조,맑음,단일로 - 기타,승용,여,49세,상해없음,보행자,여,62세,중상
2020092400100559,2020년 9월 24일 19시,목요일,인천광역시 남동구 구월동,사망사고,1,0,0,0,차대사람 - 횡단중,보행자보호의무위반,포장 - 건조,맑음,교차로 - 교차로횡단보도내,화물,남,45세,상해없음,보행자,여,34세,사망
2020092500100074,2020년 9월 25일 06시,금요일,인천광역시 계양구 계산동,경상사고,0,0,1,0,차대사람 - 보도통행중,안전운전불이행,포장 - 건조,맑음,단일로 - 기타,승용,남,51세,상해없음,보행자,여,78세,경상
2020092500100130,2020년 9월 25일 08시,금요일,인천광역시 연수구 연수동,경상사고,0,0,1,0,차대사람 - 횡단중,보행자보호의무위반,포장 - 건조,맑음,교차로 - 교차로횡단보도내,자전거,남,64세,상해없음,보행자,여,9세,경상
2020092500100301,2020년 9월 25일 13시,금요일,인천광역시 서구 신현동,경상사고,0,0,1,0,차대사람 - 차도통행중,안전운전불이행,포장 - 건조,맑음,단일로 - 기타,승용,남,66세,상해없음,보행자,여,61세,경상
2020092500100302,2020년 9월 25일 13시,금요일,인천광역시 연수구 송도동,중상사고,0,1,0,0,차대사람 - 횡단중,보행자보호의무위반,포장 - 건조,맑음,교차로 - 교차로횡단보도내,승용,여,38세,상해없음,보행자,여,26세,중상
2020092500100505,2020년 9월 25일 17시,금요일,인천광역시 서구 심곡동,경상사고,0,0,1,0,차대사람 - 기타,안전운전불이행,포장 - 건조,맑음,단일로 - 지하차도(도로)내,승용,여,61세,상해없음,보행자,여,68세,경상
2020092500100506,2020년 9월 25일 17시,금요일,인천광역시 남동구 만수동,중상사고,0,1,0,0,차대사람 - 기타,안전운전불이행,포장 - 건조,맑음,단일로 - 기타,자전거,남,67세,상해없음,보행자,여,82세,중상
2020092500100582,2020년 9월 25일 18시,금요일,인천광역시 남동구 간석동,경상사고,0,0,1,0,차대사람 - 횡단중,안전운전불이행,포장 - 건조,맑음,교차로 - 교차로안,승용,남,30세,상해없음,보행자,여,26세,경상
2020092500100769,2020년 9월 25일 23시,금요일,인천광역시 미추홀구 숭의동,중상사고,0,1,0,0,차대사람 - 횡단중,중앙선침범,포장 - 건조,맑음,단일로 - 기타,승용,남,33세,상해없음,보행자,남,54세,중상
2020092500100770,2020년 9월 25일 23시,금요일,인천광역시 연수구 선학동,경상사고,0,0,1,0,차대사람 - 길가장자리구역통행중,기타,포장 - 건조,맑음,교차로 - 교차로부근,승용,남,46세,상해없음,보행자,남,66세,경상
2020092600100426,2020년 9월 26일 15시,토요일,인천광역시 남동구 구월동,경상사고,0,0,1,0,차대사람 - 보도통행중,보행자보호의무위반,포장 - 건조,맑음,단일로 - 기타,승용,남,65세,상해없음,보행자,남,3세,경상
2020092600100428,2020년 9월 26일 15시,토요일,인천광역시 남동구 구월동,경상사고,0,0,1,0,차대사람 - 길가장자리구역통행중,안전운전불이행,포장 - 건조,맑음,단일로 - 기타,승합,여,62세,상해없음,보행자,남,61세,경상
2020092600100473,2020년 9월 26일 16시,토요일,인천광역시 계양구 병방동,중상사고,0,1,0,0,차대사람 - 차도통행중,안전운전불이행,포장 - 건조,맑음,단일로 - 기타,자전거,남,72세,상해없음,보행자,여,63세,중상
2020092600100516,2020년 9월 26일 17시,토요일,인천광역시 서구 마전동,경상사고,0,0,1,0,차대사람 - 보도통행중,기타,포장 - 건조,맑음,기타 - 기타,자전거,남,34세,상해없음,보행자,여,68세,경상
2020092600100562,2020년 9월 26일 18시,토요일,인천광역시 서구 청라동,경상사고,0,0,1,0,차대사람 - 횡단중,신호위반,포장 - 건조,맑음,교차로 - 교차로횡단보도내,화물,남,56세,상해없음,보행자,여,36세,경상
2020092600100601,2020년 9월 26일 19시,토요일,인천광역시 부평구 산곡동,경상사고,0,0,2,0,차대사람 - 횡단중,신호위반,포장 - 건조,맑음,교차로 - 교차로부근,이륜,남,49세,상해없음,보행자,여,22세,경상
2020092600100663,2020년 9월 26일 21시,토요일,인천광역시 부평구 일신동,부상신고사고,0,0,0,1,차대사람 - 기타,안전운전불이행,포장 - 건조,맑음,단일로 - 기타,이륜,남,41세,상해없음,보행자,남,6세,부상신고
2020092600100685,2020년 9월 26일 22시,토요일,인천광역시 연수구 송도동,중상사고,0,1,0,0,차대사람 - 보도통행중,기타,포장 - 건조,맑음,기타 - 기타,이륜,남,22세,상해없음,보행자,여,39세,중상
2020092700100292,2020년 9월 27일 14시,일요일,인천광역시 강화군 길상면,부상신고사고,0,0,0,1,차대사람 - 기타,안전운전불이행,포장 - 건조,맑음,단일로 - 기타,화물,남,34세,상해없음,보행자,여,60세,부상신고
2020092700100324,2020년 9월 27일 15시,일요일,인천광역시 중구 중산동,경상사고,0,0,1,0,차대사람 - 차도통행중,안전운전불이행,포장 - 건조,맑음,교차로 - 교차로부근,승용,남,53세,상해없음,보행자,여,50세,경상
2020092700100468,2020년 9월 27일 19시,일요일,인천광역시 부평구 삼산동,경상사고,0,0,1,0,차대사람 - 기타,안전운전불이행,포장 - 건조,맑음,단일로 - 기타,승용,남,42세,상해없음,보행자,여,17세,경상
2020092800100074,2020년 9월 28일 07시,월요일,인천광역시 미추홀구 학익동,중상사고,0,1,0,0,차대사람 - 횡단중,신호위반,포장 - 건조,맑음,교차로 - 교차로안,화물,남,58세,상해없음,보행자,여,53세,중상
2020092800100124,2020년 9월 28일 08시,월요일,인천광역시 부평구 부평동,부상신고사고,0,0,0,1,차대사람 - 기타,안전운전불이행,포장 - 건조,맑음,기타 - 기타,원동기,남,17세,상해없음,보행자,여,57세,부상신고
2020092800100405,2020년 9월 28일 14시,월요일,인천광역시 남동구 만수동,사망사고,1,0,0,0,차대사람 - 횡단중,신호위반,포장 - 건조,맑음,교차로 - 교차로횡단보도내,자전거,남,13세,상해없음,보행자,여,76세,사망
2020092800100459,2020년 9월 28일 15시,월요일,인천광역시 서구 석남동,경상사고,0,0,1,0,차대사람 - 기타,안전운전불이행,포장 - 건조,맑음,단일로 - 기타,이륜,남,17세,상해없음,보행자,남,15세,경상
2020092800100583,2020년 9월 28일 17시,월요일,인천광역시 서구 청라동,경상사고,0,0,1,0,차대사람 - 기타,보행자보호의무위반,포장 - 건조,맑음,교차로 - 교차로부근,화물,남,62세,상해없음,보행자,남,74세,경상
2020092800100736,2020년 9월 28일 20시,월요일,인천광역시 연수구 옥련동,부상신고사고,0,0,0,1,차대사람 - 차도통행중,안전운전불이행,포장 - 건조,맑음,단일로 - 기타,승합,남,57세,상해없음,보행자,여,76세,부상신고
2020092900100249,2020년 9월 29일 11시,화요일,인천광역시 미추홀구 숭의동,부상신고사고,0,0,0,1,차대사람 - 길가장자리구역통행중,안전운전불이행,포장 - 건조,맑음,단일로 - 기타,승용,남,61세,기타불명,보행자,여,58세,부상신고
2020092900100251,2020년 9월 29일 11시,화요일,인천광역시 연수구 옥련동,경상사고,0,0,1,0,차대사람 - 차도통행중,안전운전불이행,포장 - 건조,맑음,단일로 - 기타,화물,남,44세,상해없음,보행자,남,49세,경상
2020092900100637,2020년 9월 29일 18시,화요일,인천광역시 부평구 십정동,경상사고,0,0,1,0,차대사람 - 길가장자리구역통행중,안전운전불이행,포장 - 건조,맑음,교차로 - 교차로안,승용,여,37세,상해없음,보행자,남,57세,경상
2020092900100809,2020년 9월 29일 22시,화요일,인천광역시 부평구 십정동,경상사고,0,0,1,0,차대사람 - 횡단중,보행자보호의무위반,포장 - 건조,맑음,단일로 - 기타,승용,남,24세,상해없음,보행자,여,25세,경상
2020093000100192,2020년 9월 30일 11시,수요일,인천광역시 부평구 일신동,부상신고사고,0,0,0,1,차대사람 - 기타,안전운전불이행,포장 - 건조,맑음,단일로 - 기타,승용,남,59세,상해없음,보행자,남,7세,부상신고
2020093000100254,2020년 9월 30일 13시,수요일,인천광역시 남동구 간석동,경상사고,0,0,1,0,차대사람 - 기타,안전운전불이행,포장 - 건조,맑음,교차로 - 교차로안,승용,여,47세,상해없음,보행자,남,45세,경상
2020093000100330,2020년 9월 30일 15시,수요일,인천광역시 계양구 임학동,경상사고,0,0,1,0,차대사람 - 기타,안전운전불이행,포장 - 건조,맑음,단일로 - 기타,승용,여,56세,상해없음,보행자,남,56세,경상
2020093000100353,2020년 9월 30일 16시,수요일,인천광역시 서구 시천동,경상사고,0,0,1,0,차대사람 - 기타,안전운전불이행,포장 - 건조,맑음,단일로 - 기타,자전거,남,60세,상해없음,보행자,여,73세,경상
2020093000100354,2020년 9월 30일 16시,수요일,인천광역시 강화군 양도면,사망사고,1,0,0,0,차대사람 - 횡단중,안전운전불이행,포장 - 건조,맑음,단일로 - 기타,화물,남,59세,상해없음,보행자,여,6세,사망
2020093000100415,2020년 9월 30일 18시,수요일,인천광역시 남동구 만수동,중상사고,0,1,0,0,차대사람 - 기타,안전운전불이행,포장 - 건조,맑음,교차로 - 교차로안,승용,남,65세,상해없음,보행자,남,59세,중상
2020100100100013,2020년 10월 1일 00시,목요일,인천광역시 부평구 산곡동,중상사고,0,1,0,0,차대사람 - 기타,안전운전불이행,포장 - 건조,맑음,교차로 - 교차로횡단보도내,승용,남,45세,상해없음,보행자,여,26세,중상
2020100100100045,2020년 10월 1일 06시,목요일,인천광역시 미추홀구 용현동,중상사고,0,1,0,0,차대사람 - 횡단중,안전운전불이행,포장 - 건조,맑음,교차로 - 교차로횡단보도내,승용,남,55세,상해없음,보행자,남,72세,중상
2020100100100168,2020년 10월 1일 14시,목요일,인천광역시 부평구 산곡동,중상사고,0,1,0,0,차대사람 - 기타,안전운전불이행,포장 - 건조,맑음,교차로 - 교차로부근,승용,남,33세,상해없음,보행자,여,39세,중상
2020100200100105,2020년 10월 2일 11시,금요일,인천광역시 부평구 십정동,경상사고,0,0,1,0,차대사람 - 길가장자리구역통행중,안전운전불이행,포장 - 건조,맑음,단일로 - 기타,승용,남,55세,상해없음,보행자,남,58세,경상
2020100400100107,2020년 10월 4일 10시,일요일,인천광역시 부평구 부평동,경상사고,0,0,1,0,차대사람 - 기타,신호위반,포장 - 건조,맑음,단일로 - 기타,승용,남,57세,상해없음,보행자,남,80세,경상
2020100400100149,2020년 10월 4일 12시,일요일,인천광역시 동구 송림동,중상사고,0,1,0,0,차대사람 - 횡단중,안전운전불이행,포장 - 건조,맑음,기타 - 기타,승합,남,61세,상해없음,보행자,여,90세,중상
2020100500100121,2020년 10월 5일 08시,월요일,인천광역시 남동구 간석동,경상사고,0,0,1,0,차대사람 - 기타,안전운전불이행,포장 - 건조,맑음,단일로 - 기타,승용,남,34세,상해없음,보행자,남,65세,경상
2020100500100195,2020년 10월 5일 10시,월요일,인천광역시 서구 청라동,중상사고,0,1,0,0,차대사람 - 횡단중,보행자보호의무위반,포장 - 건조,맑음,교차로 - 교차로횡단보도내,화물,남,38세,상해없음,보행자,여,81세,중상
2020100500100197,2020년 10월 5일 10시,월요일,인천광역시 계양구 계산동,중상사고,0,1,0,0,차대사람 - 횡단중,안전운전불이행,포장 - 건조,맑음,단일로 - 기타,승용,남,72세,상해없음,보행자,남,57세,중상
2020100500100310,2020년 10월 5일 13시,월요일,인천광역시 미추홀구 도화동,사망사고,1,0,0,0,차대사람 - 길가장자리구역통행중,안전운전불이행,포장 - 건조,맑음,단일로 - 기타,승용,남,57세,상해없음,보행자,여,84세,사망
2020100500100450,2020년 10월 5일 16시,월요일,인천광역시 남동구 구월동,중상사고,0,1,0,0,차대사람 - 횡단중,보행자보호의무위반,포장 - 건조,맑음,단일로 - 기타,화물,남,41세,상해없음,보행자,여,67세,중상
2020100500100453,2020년 10월 5일 16시,월요일,인천광역시 연수구 송도동,중상사고,0,1,0,0,차대사람 - 보도통행중,기타,포장 - 건조,맑음,단일로 - 기타,개인형이동수단(PM),남,23세,상해없음,보행자,남,9세,중상
2020100500100640,2020년 10월 5일 22시,월요일,인천광역시 계양구 계산동,경상사고,0,0,1,0,차대사람 - 기타,안전운전불이행,포장 - 건조,맑음,단일로 - 기타,기타불명,기타불명,미분류,기타불명,보행자,남,35세,경상
2020100600100519,2020년 10월 6일 18시,화요일,인천광역시 서구 석남동,경상사고,0,0,1,0,차대사람 - 기타,안전운전불이행,포장 - 건조,맑음,기타 - 기타,승용,남,49세,상해없음,보행자,여,49세,경상
2020100600100565,2020년 10월 6일 19시,화요일,인천광역시 연수구 옥련동,중상사고,0,1,0,0,차대사람 - 보도통행중,보행자보호의무위반,포장 - 건조,맑음,교차로 - 교차로부근,승용,여,58세,상해없음,보행자,여,62세,중상
2020100800100054,2020년 10월 8일 05시,목요일,인천광역시 미추홀구 주안동,중상사고,0,1,0,0,차대사람 - 횡단중,안전운전불이행,포장 - 건조,맑음,기타 - 기타,승용,남,76세,상해없음,보행자,남,80세,중상
2020100800100098,2020년 10월 8일 07시,목요일,인천광역시 동구 만석동,중상사고,0,1,0,0,차대사람 - 횡단중,신호위반,포장 - 건조,맑음,단일로 - 기타,건설기계,남,68세,상해없음,보행자,남,38세,중상
2020100800100150,2020년 10월 8일 08시,목요일,인천광역시 연수구 동춘동,중상사고,0,1,0,0,차대사람 - 차도통행중,안전운전불이행,포장 - 건조,맑음,교차로 - 교차로안,승용,여,32세,상해없음,보행자,남,62세,중상
2020100800100193,2020년 10월 8일 09시,목요일,인천광역시 부평구 산곡동,경상사고,0,0,1,0,차대사람 - 차도통행중,안전운전불이행,포장 - 건조,맑음,단일로 - 기타,승합,남,65세,상해없음,보행자,남,56세,경상
2020100800100235,2020년 10월 8일 10시,목요일,인천광역시 계양구 병방동,경상사고,0,0,1,0,차대사람 - 기타,신호위반,포장 - 건조,맑음,단일로 - 기타,승용,여,39세,상해없음,보행자,여,85세,경상
2020100800100306,2020년 10월 8일 12시,목요일,인천광역시 미추홀구 주안동,중상사고,0,1,1,0,차대사람 - 횡단중,안전운전불이행,포장 - 건조,맑음,교차로 - 교차로부근,화물,남,23세,상해없음,보행자,남,76세,중상
2020100800100459,2020년 10월 8일 16시,목요일,인천광역시 서구 마전동,경상사고,0,0,1,0,차대사람 - 차도통행중,안전운전불이행,포장 - 건조,맑음,교차로 - 교차로안,승용,남,51세,상해없음,보행자,여,54세,경상
2020100800100680,2020년 10월 8일 20시,목요일,인천광역시 서구 검암동,중상사고,0,1,0,0,차대사람 - 차도통행중,안전운전불이행,포장 - 건조,맑음,교차로 - 교차로안,화물,남,55세,상해없음,보행자,여,47세,중상
2020100900100016,2020년 10월 9일 00시,금요일,인천광역시 연수구 연수동,중상사고,0,1,0,0,차대사람 - 기타,안전운전불이행,포장 - 건조,맑음,교차로 - 교차로안,승용,남,55세,상해없음,보행자,남,64세,중상
2020100900100049,2020년 10월 9일 02시,금요일,인천광역시 남동구 구월동,중상사고,0,1,0,0,차대사람 - 횡단중,보행자보호의무위반,포장 - 건조,맑음,교차로 - 교차로횡단보도내,이륜,남,23세,상해없음,보행자,남,57세,중상
2020100900100143,2020년 10월 9일 09시,금요일,인천광역시 서구 검암동,경상사고,0,0,1,0,차대사람 - 기타,안전운전불이행,포장 - 건조,맑음,교차로 - 교차로안,승용,남,38세,상해없음,보행자,남,42세,경상
2020100900100273,2020년 10월 9일 13시,금요일,인천광역시 서구 청라동,경상사고,0,0,2,0,차대사람 - 기타,안전운전불이행,포장 - 건조,맑음,단일로 - 기타,이륜,남,40세,경상,보행자,남,60세,경상
2020100900100529,2020년 10월 9일 20시,금요일,인천광역시 계양구 병방동,경상사고,0,0,1,0,차대사람 - 보도통행중,기타,포장 - 건조,맑음,단일로 - 기타,개인형이동수단(PM),남,20세,기타불명,보행자,남,64세,경상
2020100900100574,2020년 10월 9일 22시,금요일,인천광역시 계양구 작전동,경상사고,0,0,1,0,차대사람 - 보도통행중,보행자보호의무위반,포장 - 건조,맑음,교차로 - 교차로횡단보도내,승용,남,23세,상해없음,보행자,남,25세,경상
2020101000100104,2020년 10월 10일 08시,토요일,인천광역시 계양구 임학동,경상사고,0,0,1,0,차대사람 - 차도통행중,안전운전불이행,포장 - 건조,맑음,교차로 - 교차로부근,화물,남,45세,상해없음,보행자,남,73세,경상
2020101100100198,2020년 10월 11일 13시,일요일,인천광역시 동구 화평동,경상사고,0,0,1,0,차대사람 - 기타,안전운전불이행,포장 - 건조,맑음,단일로 - 기타,승용,남,57세,상해없음,보행자,남,10세,경상
2020101100100401,2020년 10월 11일 19시,일요일,인천광역시 서구 마전동,중상사고,0,1,0,0,차대사람 - 횡단중,안전운전불이행,포장 - 건조,맑음,단일로 - 기타,원동기,남,21세,상해없음,보행자,남,66세,중상
2020101200100085,2020년 10월 12일 07시,월요일,인천광역시 부평구 부평동,경상사고,0,0,1,0,차대사람 - 횡단중,안전운전불이행,포장 - 건조,맑음,단일로 - 기타,승용,남,41세,상해없음,보행자,남,69세,경상
2020101200100456,2020년 10월 12일 16시,월요일,인천광역시 부평구 일신동,경상사고,0,0,1,0,차대사람 - 차도통행중,안전운전불이행,포장 - 건조,맑음,단일로 - 기타,승합,남,71세,상해없음,보행자,여,70세,경상
2020101200100501,2020년 10월 12일 17시,월요일,인천광역시 미추홀구 주안동,경상사고,0,0,1,0,차대사람 - 기타,안전운전불이행,포장 - 건조,맑음,단일로 - 기타,승용,남,31세,상해없음,보행자,남,16세,경상